,D,R,A,S,T,I,C,LU,D_rating_classic,D_weight_classic,R_rating_classic,R_weight_classic,A_rating_classic,A_weight_classic,S_rating_classic,S_weight_classic,T_rating_classic,T_weight_classic,I_rating_classic,I_weight_classic,C_rating_classic,C_weight_classic,LU_rating_classic,LU_weight_classic,D_rating_pdp,D_rating_pdp_var,R_rating_pdp,R_rating_pdp_var,A_rating_pdp,A_rating_pdp_var,S_rating_pdp,S_rating_pdp_var,T_rating_pdp,T_rating_pdp_var,I_rating_pdp,I_rating_pdp_var,C_rating_pdp,C_rating_pdp_var,LU_rating_pdp,LU_rating_pdp_var,D_weight_shap,D_weight_shap_var,R_weight_shap,R_weight_shap_var,A_weight_shap,A_weight_shap_var,S_weight_shap,S_weight_shap_var,T_weight_shap,T_weight_shap_var,I_weight_shap,I_weight_shap_var,C_weight_shap,C_weight_shap_var,LU_weight_shap,LU_weight_shap_var,index_classic,index_classic_std,index_shap,index_shap_std,index_hybrid,index_hybrid_std,y_log,y_hat_log,y_hat_log_std,y,y_hat,y_hat_log_lower,y_hat_log_upper,y_hat_lower,y_hat_upper,y_hat_std,vuln_class,y_class,error
0,4.978788852643081,8.794037860760472,8,6,2.9451960277139357,0.0803412741111602,5.0,60,10.0,5,1.0,4,6.0,3,5.0,2,9.0,1,5.0,5,5.0,3,2.0,5,3.8132561312159137,1.4300956441775718,6.316230217469619,1.4180635487304432,9.225056591344039,0.308330671856916,6.622140262933337,21.547837932580407,1.227704462517678,0.06189538876171886,5.1270026544361365,8.342230838878887,7.307222673807168,6.090605596630478,9.724578511394656,0.283295203999585,10.93353333777991,1.7249771104584166,9.146127382563128,1.0760847220006746,2.680050570805672,1.2570149436222207,0.010376598907664358,9.467940963701831e-05,1.6060282970061632,0.1812764644546492,2.4181079229249627,0.47984042567476,1.099479578732309,0.38205204965984807,0.10629631128019132,0.003164213085006366,141.0,0,147.69094543780935,23.594029192342706,166.86843198363675,0,2.0794415416798357,2.820443990085179,0.41924392476456895,6.999999999999998,15.784301081330351,2.4012000653206105,3.239687914849748,10.036412853066194,24.52575429528991,7.244670721111858,2,0,8.784301081330353
1,4.901051716692544,8.896001917971226,10,9,13.71767738398593,0.2213830129955803,0.1000000014901161,60,10.0,5,1.0,4,4.0,3,8.0,2,3.0,1,5.0,5,3.0,3,2.0,5,3.8075240156536236,1.4377737510411324,6.350598292532008,1.5788472900517772,9.978750801403518,0.002257642304963983,4.6,24.3000000001,5.116772357152286,3.718221527710002,4.846141987793546,7.36491791683291,5.243989313408314,11.299468208777327,9.724578511394656,0.283295203999585,10.93353333777991,1.7249771104584166,9.146127382563128,1.0760847220006746,2.680050570805672,1.2570149436222207,0.010376598907664358,9.467940963701831e-05,1.6060282970061632,0.1812764644546492,2.4181079229249627,0.47984042567476,1.099479578732309,0.38205204965984807,0.10629631128019132,0.003164213085006366,129.0,0,153.23988235166362,24.303922714894394,149.7043316992468,0,3.1441522786722644,2.725374117509103,0.43549120465533786,22.200000000000003,14.26212268624215,2.289882912853765,3.1608653221644407,8.873781520587938,22.59100091532482,6.858609697368441,2,1,7.937877313757852
2,4.9433632468085,8.808302399611065,8,6,5.009000149800331,0.0809170077829796,5.0,60,10.0,5,1.0,4,6.0,3,5.0,2,9.0,1,5.0,5,5.0,3,2.0,5,3.810643947681944,1.433594635798222,6.321038232718897,1.4405568271205074,9.225056591344039,0.308330671856916,6.622140262933337,21.547837932580407,8.343936991831352,1.5926147481583965,5.12605358118677,8.340536654942184,7.307222673807168,6.090605596630478,9.724578511394656,0.283295203999585,10.93353333777991,1.7249771104584166,9.146127382563128,1.0760847220006746,2.680050570805672,1.2570149436222207,0.010376598907664358,9.467940963701831e-05,1.6060282970061632,0.1812764644546492,2.4181079229249627,0.47984042567476,1.099479578732309,0.38205204965984807,0.10629631128019132,0.003164213085006366,141.0,0,159.13293561059325,23.98520878152948,166.86843198363675,0,2.048982334195127,3.093312536920754,0.39471211449042154,6.759999999999999,21.049998567365222,2.6986004224303324,3.488024651411176,13.858920952650077,31.72124795401745,8.931163500683686,2,0,14.289998567365224
3,5.696908691287565,9.195132358174725,10,9,9.860970822836396,0.230734779980845,0.1000000014901161,20,10.0,5,1.0,4,4.0,3,8.0,2,5.0,1,5.0,5,3.0,3,4.0,5,3.8662082480176254,1.3591668558380638,7.076651435918919,2.2603174864128484,9.978750801403518,0.002257642304963983,4.6,24.3000000001,7.400364495769541,2.7042668200397637,4.846141987793546,7.36491791683291,5.243989313408314,11.299468208777327,1.0,1e-10,10.93353333777991,1.7249771104584166,9.146127382563128,1.0760847220006746,2.680050570805672,1.2570149436222207,0.010376598907664358,9.467940963701831e-05,1.6060282970061632,0.1812764644546492,2.4181079229249627,0.47984042567476,1.099479578732309,0.38205204965984807,0.10629631128019132,0.003164213085006366,141.0,0,163.26220597874902,25.530851779401925,153.1289809158195,0,2.979094632400968,3.69489308566022,0.5496911755612914,18.670000000000005,39.24126998915818,3.1452019100989284,4.244584261221512,22.224364233594347,68.72676599680167,23.251200881603665,2,1,20.57126998915817
4,6.735549642018227,9.160445873853996,10,6,9.86763175372154,0.0593868036012635,0.1000000014901161,60,10.0,5,1.0,4,4.0,3,5.0,2,5.0,1,5.0,5,3.0,3,2.0,5,3.942794681059142,1.2565801562501813,6.991930993238059,2.128865323781645,9.978750801403518,0.002257642304963983,6.622140262933337,21.547837932580407,7.393752040447286,2.7108831127867097,5.429354712169067,8.945369136105242,5.243989313408314,11.299468208777327,9.724578511394656,0.283295203999585,10.93353333777991,1.7249771104584166,9.146127382563128,1.0760847220006746,2.680050570805672,1.2570149436222207,0.010376598907664358,9.467940963701831e-05,1.6060282970061632,0.1812764644546492,2.4181079229249627,0.47984042567476,1.099479578732309,0.38205204965984807,0.10629631128019132,0.003164213085006366,125.0,0,165.6727273078458,25.312667973655667,152.88525849653612,0,3.8262472284067424,3.61849030341106,0.3405579667410912,44.89000000000001,36.28124195145881,3.2779323366699686,3.959048270152151,25.52087971885383,51.40742449637264,12.943272388759405,2,2,8.608758048541198
5,7.437850666367243,9.19954406563514,10,9,5.866105305623906,0.1848707309505208,0.1000000014901161,60,9.0,5,1.0,4,4.0,3,8.0,2,9.0,1,5.0,5,3.0,3,2.0,5,3.9945803634342276,1.1872137942225032,7.085630698015331,2.2798430630317,9.978750801403518,0.002257642304963983,4.6,24.3000000001,9.331890748564193,1.3329490779926247,4.846346439712286,7.364932781614182,5.243989313408314,11.299468208777327,9.724578511394656,0.283295203999585,10.93353333777991,1.7249771104584166,9.146127382563128,1.0760847220006746,2.680050570805672,1.2570149436222207,0.010376598907664358,9.467940963701831e-05,1.6060282970061632,0.1812764644546492,2.4181079229249627,0.47984042567476,1.099479578732309,0.38205204965984807,0.10629631128019132,0.003164213085006366,130.0,0,168.77786297567167,25.246811536701134,148.4069681435039,0,3.182834053520935,3.834773415053487,0.3213115405565268,23.114999999999995,45.282939462398005,3.51346187449696,4.156084955610014,32.56426215228117,62.82117013510492,15.128453991411877,3,1,22.16793946239801
6,6.809015271813541,9.11280830503166,10,6,7.891843523545619,0.1361163456795489,0.1000000014901161,60,10.0,5,1.0,4,4.0,3,5.0,2,5.0,1,5.0,5,3.0,3,2.0,5,3.948211827892428,1.2493239465960706,6.8305210270347505,2.0187315318771257,9.978750801403518,0.002257642304963983,6.622140262933337,21.547837932580407,9.125563215929706,0.9147212551076218,5.171100516807975,7.716183444688319,5.243989313408314,11.299468208777327,9.724578511394656,0.283295203999585,10.93353333777991,1.7249771104584166,9.146127382563128,1.0760847220006746,2.680050570805672,1.2570149436222207,0.010376598907664358,9.467940963701831e-05,1.6060282970061632,0.1812764644546492,2.4181079229249627,0.47984042567476,1.099479578732309,0.38205204965984807,0.10629631128019132,0.003164213085006366,125.0,0,166.41253098859752,24.90734690242837,152.88525849653612,0,4.621240366165586,3.302436906017711,0.23383816867004148,100.62000000000002,26.178790443384774,3.0685987373476693,3.5362750746877523,20.511737950610442,33.338771309942516,6.413516679666037,3,4,74.44120955661525
7,6.427198671294583,9.152827053696894,10,6,7.435181594264094,0.0622360577315523,0.1000000014901161,20,10.0,5,1.0,4,4.0,3,5.0,2,5.0,1,5.0,5,3.0,3,4.0,5,3.9200577564693693,1.2870360210791247,6.966116210190392,2.1112512940466344,9.978750801403518,0.002257642304963983,6.622140262933337,21.547837932580407,9.44650152138954,0.5570677373077347,5.38965563986931,9.077905712179579,5.243989313408314,11.299468208777327,1.0,1e-10,10.93353333777991,1.7249771104584166,9.146127382563128,1.0760847220006746,2.680050570805672,1.2570149436222207,0.010376598907664358,9.467940963701831e-05,1.6060282970061632,0.1812764644546492,2.4181079229249627,0.47984042567476,1.099479578732309,0.38205204965984807,0.10629631128019132,0.003164213085006366,135.0,0,167.46141368929926,25.361054461445438,153.0978511190965,0,2.50470927708418,3.8295000261320205,0.33903011459927823,11.240000000000002,45.03951392506063,3.490469911532742,4.168530140731299,31.801357821582823,63.6203993744784,15.90952077644779,3,1,33.79951392506063
8,6.959990633362227,9.059116495412487,10,9,5.146453027671129,0.2155192528069898,0.1000000014901161,60,10.0,5,1.0,4,4.0,3,8.0,2,9.0,1,5.0,5,3.0,3,2.0,5,3.9593443221485356,1.2344120908200478,6.648597528622265,1.8946008775687908,9.978750801403518,0.002257642304963983,4.6,24.3000000001,8.51548334638721,1.5560802326314418,4.846141987793546,7.36491791683291,5.243989313408314,11.299468208777327,9.724578511394656,0.283295203999585,10.93353333777991,1.7249771104584166,9.146127382563128,1.0760847220006746,2.680050570805672,1.2570149436222207,0.010376598907664358,9.467940963701831e-05,1.6060282970061632,0.1812764644546492,2.4181079229249627,0.47984042567476,1.099479578732309,0.38205204965984807,0.10629631128019132,0.003164213085006366,135.0,0,163.0837797293228,24.5317803669809,159.34050148128378,0,3.202746442938317,3.5266017404502508,0.26969571552643634,23.599999999999998,33.00820232758491,3.2569060249238144,3.796297455976687,24.969065077329677,43.53598241253579,9.283458667603055,2,1,9.408202327584913
9,7.28782002723361,9.19609806492741,10,6,6.572958976630455,0.1145641903580192,0.1000000014901161,20,9.0,5,1.0,4,4.0,3,5.0,2,5.0,1,5.0,5,3.0,3,4.0,5,3.9835175303251527,1.2020323396447232,7.078616963805445,2.2645915642750127,9.978750801403518,0.002257642304963983,6.622140262933337,21.547837932580407,9.463048631742012,0.8524543586822404,5.189435003433173,7.754326814656252,5.243989313408314,11.299468208777327,1.0,1e-10,10.93353333777991,1.7249771104584166,9.146127382563128,1.0760847220006746,2.680050570805672,1.2570149436222207,0.010376598907664358,9.467940963701831e-05,1.6060282970061632,0.1812764644546492,2.4181079229249627,0.47984042567476,1.099479578732309,0.38205204965984807,0.10629631128019132,0.003164213085006366,130.0,0,168.72661948571755,25.30764939729452,142.1643177813166,0,3.632309102625542,3.8352162828535823,0.3445961029905704,36.800000000000004,45.30344122542992,3.490620179863012,4.179812385844153,31.806287197208498,64.35359080497469,16.273651803883094,3,2,8.503441225429917
10,7.576970771617779,9.197605255634798,10,6,10.13736852836066,0.0697525756687555,0.1000000014901161,60,9.0,5,1.0,4,4.0,3,5.0,2,5.0,1,5.0,5,3.0,3,2.0,5,4.004838684770396,1.1734728836278157,7.0816845879651025,2.271262171494639,9.978750801403518,0.002257642304963983,6.622140262933337,21.547837932580407,7.130071712985148,2.972898562494369,5.346618066237452,9.086917504175466,5.243989313408314,11.299468208777327,9.724578511394656,0.283295203999585,10.93353333777991,1.7249771104584166,9.146127382563128,1.0760847220006746,2.680050570805672,1.2570149436222207,0.010376598907664358,9.467940963701831e-05,1.6060282970061632,0.1812764644546492,2.4181079229249627,0.47984042567476,1.099479578732309,0.38205204965984807,0.10629631128019132,0.003164213085006366,120.0,0,166.54844109493712,25.402743572021816,141.95172515875623,0,4.320151230955794,3.3027702614625625,0.257607326899258,74.2,26.187852151464508,3.0451629345633044,3.5603775883618205,20.01345474203742,34.176476866089274,7.0815110620259265,3,3,48.01214784853549
11,8.907322515282036,9.202847700675491,10,6,3.8569811863759913,0.0531227176101415,0.1000000014901161,60,9.0,5,1.0,4,4.0,3,5.0,2,9.0,1,5.0,5,3.0,3,2.0,5,4.108421433910017,1.1030639738527117,7.092354671706782,2.2944644720167475,9.978750801403518,0.002257642304963983,6.622140262933337,21.547837932580407,5.3298097894410335,1.1769433800654308,5.433352268337837,8.474058557817916,5.243989313408314,11.299468208777327,9.724578511394656,0.283295203999585,10.93353333777991,1.7249771104584166,9.146127382563128,1.0760847220006746,2.680050570805672,1.2570149436222207,0.010376598907664358,9.467940963701831e-05,1.6060282970061632,0.1812764644546492,2.4181079229249627,0.47984042567476,1.099479578732309,0.38205204965984807,0.10629631128019132,0.003164213085006366,124.0,0,165.097017551011,25.07194442575567,148.37583834678088,0,4.379711456716442,3.5323974774691456,0.23608970729940992,78.81499999999997,33.20587720723584,3.2963077701697356,3.7684871847685555,26.012717406570832,42.31448842802775,8.15088551072846,2,3,45.60912279276413
12,9.498113703024444,9.217405612716409,10,9,4.256978332875438,0.1406156262963951,0.1000000014901161,60,8.0,5,1.0,4,4.0,3,8.0,2,9.0,1,5.0,5,3.0,3,2.0,5,4.1567580208392245,1.097774653484664,7.121984765942364,2.3588956768316525,9.978750801403518,0.002257642304963983,4.6,24.3000000001,7.129389887692751,1.6661112618786242,5.149862092270741,7.674360463890108,5.243989313408314,11.299468208777327,9.724578511394656,0.283295203999585,10.93353333777991,1.7249771104584166,9.146127382563128,1.0760847220006746,2.680050570805672,1.2570149436222207,0.010376598907664358,9.467940963701831e-05,1.6060282970061632,0.1812764644546492,2.4181079229249627,0.47984042567476,1.099479578732309,0.38205204965984807,0.10629631128019132,0.003164213085006366,125.0,0,168.08019163313062,25.17361524686995,137.47343480572397,0,3.7623622308737397,3.577376928662697,0.27234376558473605,42.05,34.7795652964691,3.305033163077961,3.8497206942474334,26.24944524929412,45.97993963152178,9.86524719111383,3,2,7.270434703530896
13,16.14027902266769,9.276827846148148,10,6,4.868041467593854,0.032656997853908,0.1000000014901161,60,7.0,5,1.0,4,4.0,3,5.0,2,9.0,1,5.0,5,3.0,3,2.0,5,4.276587265079217,1.0950424794414153,7.24292837181953,2.621889853609097,9.978750801403518,0.002257642304963983,6.622140262933337,21.547837932580407,8.168015261780358,1.6300810947602649,8.094368334072003,5.388047567267815,5.243989313408314,11.299468208777327,9.724578511394656,0.283295203999585,10.93353333777991,1.7249771104584166,9.146127382563128,1.0760847220006746,2.680050570805672,1.2570149436222207,0.010376598907664358,9.467940963701831e-05,1.6060282970061632,0.1812764644546492,2.4181079229249627,0.47984042567476,1.099479578732309,0.38205204965984807,0.10629631128019132,0.003164213085006366,114.0,0,179.30569284694707,25.828860843176273,126.5087716712211,0,3.8989377658794906,3.830187345332285,0.33696842756704193,48.35,45.07116864415412,3.493218917765243,4.167155772899327,31.891653012826936,63.5316481786533,15.819997582913182,4,2,3.278831355845881
14,9.999569449801944,8.13472545617039,9,6,3.022220342523914,0.0400061136832783,2.0,60,8.0,5,1.0,4,6.0,3,5.0,2,9.0,1,5.0,5,4.0,3,2.0,5,4.19778547655989,1.0932851483090025,4.859439095889269,1.6210601541071397,9.09996886432829,0.14026651050520966,6.622140262933337,21.547837932580407,1.574235494617688,0.1560906130363046,7.871426713217736,5.677840912754996,6.599447599023525,8.253061810169577,9.724578511394656,0.283295203999585,10.93353333777991,1.7249771104584166,9.146127382563128,1.0760847220006746,2.680050570805672,1.2570149436222207,0.010376598907664358,9.467940963701831e-05,1.6060282970061632,0.1812764644546492,2.4181079229249627,0.47984042567476,1.099479578732309,0.38205204965984807,0.10629631128019132,0.003164213085006366,128.0,0,144.65063921522082,22.757697278940363,143.90188572934463,0,3.527830032595521,3.1958273235278236,0.5488379221097293,33.05,23.43037715955854,2.6469894014180944,3.744665245637553,13.111490596386677,41.29484646441989,14.091677934016607,2,2,9.619622840441458
15,14.476061978275045,7.704258668367932,4,6,3.2938658823675078,0.0276611300196629,49.99999999999999,60,7.0,5,1.0,4,9.0,3,5.0,2,9.0,1,5.0,5,8.0,3,2.0,5,4.426783741233159,1.0715899177355288,4.840480872606491,1.0797724558896404,1.7920777687212166,0.9647969006335627,6.622140262933337,21.547837932580407,2.7963639811819094,0.4882936662135255,8.911329357749631,4.146500048910168,4.483158146244543,5.415885347697118,9.724578511394656,0.283295203999585,10.93353333777991,1.7249771104584166,9.146127382563128,1.0760847220006746,2.680050570805672,1.2570149436222207,0.010376598907664358,9.467940963701831e-05,1.6060282970061632,0.1812764644546492,2.4181079229249627,0.47984042567476,1.099479578732309,0.38205204965984807,0.10629631128019132,0.003164213085006366,144.0,0,129.5460400688566,19.182550624469897,145.406422418911,0,4.556400021618662,3.419007520233949,0.36459586573429315,94.24000000000004,29.539090545884985,3.054411654499656,3.783603385968242,20.208703810036333,42.97421264982831,11.382754419895988,1,3,64.70090945411505
16,11.096772582810768,8.310412873980331,4,6,4.736491200294605,0.036050763792997,50.0,60,8.0,5,1.0,4,9.0,3,5.0,2,9.0,1,5.0,5,9.0,3,2.0,5,4.2875550190277485,1.0834619501982012,5.6689065226620095,1.938301279043669,1.7920777687212166,0.9647969006335627,6.622140262933337,21.547837932580407,8.003835586930283,1.6650467161256979,8.019231589451666,5.516156429646037,4.483158146244543,5.415885347697113,9.724578511394656,0.283295203999585,10.93353333777991,1.7249771104584166,9.146127382563128,1.0760847220006746,2.680050570805672,1.2570149436222207,0.010376598907664358,9.467940963701831e-05,1.6060282970061632,0.1812764644546492,2.4181079229249627,0.47984042567476,1.099479578732309,0.38205204965984807,0.10629631128019132,0.003164213085006366,152.0,0,141.8068227885807,21.505219157310048,157.43943533542318,0,3.0106208860477417,3.69612788964915,0.2934028629116283,19.3,39.290990761246654,3.4027250267375218,3.9895307525607784,29.045864375585268,53.029530195243105,11.991832909828918,2,1,19.990990761246653
17,9.46046709900766,9.297772616597154,10,6,34.65036036492653,0.0422849733735718,0.1000000014901161,60,8.0,5,1.0,4,4.0,3,5.0,2,1.0,1,5.0,5,3.0,3,2.0,5,4.153677899833019,1.0981117014189345,7.285557803870115,2.714588366335929,9.978750801403518,0.002257642304963983,6.622140262933337,21.547837932580407,4.880725881645122,4.370000770826234,6.996811308113452,6.5910266013074725,5.243989313408314,11.299468208777327,9.724578511394656,0.283295203999585,10.93353333777991,1.7249771104584166,9.146127382563128,1.0760847220006746,2.680050570805672,1.2570149436222207,0.010376598907664358,9.467940963701831e-05,1.6060282970061632,0.1812764644546492,2.4181079229249627,0.47984042567476,1.099479578732309,0.38205204965984807,0.10629631128019132,0.003164213085006366,111.0,0,170.41826231500596,25.932760329656745,124.59407863295169,0,4.1034694699991014,3.2480406703114166,0.31956302930101854,59.55000000000001,24.739857610405885,2.928477641010398,3.567603699612435,17.699142010385984,34.43158661696766,8.366222303290836,3,3,34.81014238959413
18,7.043448021414093,8.961793155914702,2,6,4.954415707146849,0.0567909624547653,0.050000000745058,60,10.0,5,1.0,4,3.0,3,5.0,2,9.0,1,5.0,5,2.0,3,2.0,5,3.9654982328501673,1.226168993924587,6.372773932320598,1.6825913119363678,1.9567948333695546,1.120898093680396,6.622140262933337,21.547837932580407,8.275813557111638,1.6071231105771762,5.437928183683067,8.765001708476483,5.162023171261571,11.417202873834851,9.724578511394656,0.283295203999585,10.93353333777991,1.7249771104584166,9.146127382563128,1.0760847220006746,2.680050570805672,1.2570149436222207,0.010376598907664358,9.467940963701831e-05,1.6060282970061632,0.1812764644546492,2.4181079229249627,0.47984042567476,1.099479578732309,0.38205204965984807,0.10629631128019132,0.003164213085006366,123.0,0,140.10604756358742,21.84753243576012,155.52984153502283,0,4.251348311031766,3.1000883078410184,0.32103771196991127,69.20000000000003,21.199911621149738,2.779050595871107,3.42112601981093,15.103724745273759,29.60385617504425,7.250065714885245,2,3,48.00008837885029
19,6.994840271715495,9.20435863702859,8,9,10.431957944725433,0.180307247163627,5.0,60,10.0,5,1.0,4,6.0,3,8.0,2,5.0,1,5.0,5,5.0,3,2.0,5,3.961914035476694,1.2309699875812161,7.095429919475863,2.3011516569204082,9.225056591344039,0.308330671856916,4.6,24.3000000001,7.028249494095848,2.9901233288416393,4.847707758873175,7.365031757019704,7.307222673807168,6.090605596630478,9.724578511394656,0.283295203999585,10.93353333777991,1.7249771104584166,9.146127382563128,1.0760847220006746,2.680050570805672,1.2570149436222207,0.010376598907664358,9.467940963701831e-05,1.6060282970061632,0.1812764644546492,2.4181079229249627,0.47984042567476,1.099479578732309,0.38205204965984807,0.10629631128019132,0.003164213085006366,143.0,0,165.0624526415097,25.08319769065803,160.4754485923351,0,3.2268439945173775,3.282309621076962,0.3259858443480961,24.199999999999996,25.63722360147019,2.956323776728866,3.608295465425058,18.227158345353967,35.90309657049105,8.837969112568542,2,1,1.437223601470194
20,110.29023968405572,8.199113409793997,4,6,11.417926492071022,0.003626982792182,50.0,60,1.0,5,1.0,4,9.0,3,5.0,2,5.0,1,3.0,5,9.0,3,2.0,5,8.703221412385526,0.4849339296037492,4.737666531386109,2.1206656945801656,1.7920777687212166,0.9647969006335627,6.622140262933337,21.547837932580407,6.687458210808618,3.047773322053738,5.140094778128823,4.202657190278723,4.483158146244543,5.415885347697113,9.724578511394656,0.283295203999585,10.93353333777991,1.7249771104584166,9.146127382563128,1.0760847220006746,2.680050570805672,1.2570149436222207,0.010376598907664358,9.467940963701831e-05,1.6060282970061632,0.1812764644546492,2.4181079229249627,0.47984042567476,1.099479578732309,0.38205204965984807,0.10629631128019132,0.003164213085006366,103.0,0,172.4922160746912,21.654146034564842,69.64437293708927,0,4.039536325727106,4.088110551475538,0.2643690022286145,55.800000000000004,58.62712282296023,3.823741549246923,4.352479553704152,44.775158321641406,76.67081330800069,15.947827493179641,3,3,2.827122822960227
21,13.151542093334117,9.249639503913285,10,9,4.601423495232579,0.0543613794203952,0.1000000014901161,60,7.0,5,1.0,4,4.0,3,8.0,2,9.0,1,5.0,5,3.0,3,2.0,5,4.455669485061728,1.065065714016708,7.187591236915569,2.5015581987544335,9.978750801403518,0.002257642304963983,4.6,24.3000000001,7.8352660176310795,1.7009472606920848,5.434897424625154,8.57230177356286,5.243989313408314,11.299468208777327,9.724578511394656,0.283295203999585,10.93353333777991,1.7249771104584166,9.146127382563128,1.0760847220006746,2.680050570805672,1.2570149436222207,0.010376598907664358,9.467940963701831e-05,1.6060282970061632,0.1812764644546492,2.4181079229249627,0.47984042567476,1.099479578732309,0.38205204965984807,0.10629631128019132,0.003164213085006366,120.0,0,173.77129846723525,25.610321761899236,126.53990146794409,0,3.126760535960395,3.7636898774606307,0.278210118833611,21.8,42.107193143305466,3.4854797586270196,4.041899996294242,31.638081755625112,55.93441528235584,12.148166763365365,3,1,20.307193143305465
22,75.71627216248154,7.831151190745613,4,6,8.504175696890517,0.0052835097170931,50.0,60,1.0,5,1.0,4,9.0,3,5.0,2,5.0,1,3.0,5,9.0,3,2.0,5,2.538148854809928,0.41064288399753973,5.210509857228586,1.1380322421774414,1.7920777687212166,0.9647969006335627,6.622140262933337,21.547837932580407,8.695221123693031,1.3942943086429016,3.645028072455659,2.7834006028532152,4.483158146244543,5.415885347697113,9.724578511394656,0.283295203999585,10.93353333777991,1.7249771104584166,9.146127382563128,1.0760847220006746,2.680050570805672,1.2570149436222207,0.010376598907664358,9.467940963701831e-05,1.6060282970061632,0.1812764644546492,2.4181079229249627,0.47984042567476,1.099479578732309,0.38205204965984807,0.10629631128019132,0.003164213085006366,103.0,0,109.02016643223871,15.813575149387948,69.64437293708927,0,4.431768726568696,2.620557184849356,0.5744587728694629,83.08000000000001,12.743379054712264,2.046098411979893,3.195015957718819,6.737653002599249,23.41056322609125,8.336455111746,1,3,70.33662094528775
23,103.26047407152508,7.939139859028898,4,6,15.291537862105876,0.0038738537767991,50.0,60,1.0,5,1.0,4,9.0,3,5.0,2,3.0,1,3.0,5,9.0,3,2.0,5,7.275438154323892,1.0784791043623085,5.132227486495122,0.9186504752968612,1.7920777687212166,0.9647969006335627,6.622140262933337,21.547837932580407,4.375535136753414,3.4930549208696196,4.917286090779786,3.9911464288820473,4.483158146244543,5.415885347697113,9.724578511394656,0.283295203999585,10.93353333777991,1.7249771104584166,9.146127382563128,1.0760847220006746,2.680050570805672,1.2570149436222207,0.010376598907664358,9.467940963701831e-05,1.6060282970061632,0.1812764644546492,2.4181079229249627,0.47984042567476,1.099479578732309,0.38205204965984807,0.10629631128019132,0.003164213085006366,101.0,0,156.23841564955373,19.958507712572764,66.43231634307695,0,3.6428355156125294,4.056714699944505,0.3334525202371661,37.199999999999996,56.78416059328249,3.7232621797073393,4.390167220181672,40.39922578070873,79.65390481350933,19.627339516400298,2,2,19.584160593282498
24,12.9261552964718,7.391344021912268,3,6,9.756664410732707,0.0309558625525363,40.0,60,7.0,5,1.0,4,7.0,3,5.0,2,5.0,1,5.0,5,8.0,3,2.0,5,4.437229080524109,1.0670835893677069,4.043343644370111,0.9217131359055013,1.5260659960672207,0.7269947167029547,6.622140262933337,21.547837932580407,7.503911807962615,2.600659415945407,8.372550480464348,4.965290124140266,3.840421925128728,6.380561429790441,9.724578511394656,0.283295203999585,10.93353333777991,1.7249771104584166,9.146127382563128,1.0760847220006746,2.680050570805672,1.2570149436222207,0.010376598907664358,9.467940963701831e-05,1.6060282970061632,0.1812764644546492,2.4181079229249627,0.47984042567476,1.099479578732309,0.38205204965984807,0.10629631128019132,0.003164213085006366,134.0,0,127.20755509806614,18.910612480325728,133.622208089275,0,2.5952547069568657,2.811996344423358,0.4699448449965129,12.4,15.643110456941306,2.3420514994268453,3.2819411894198707,9.402555524031676,25.62741141270986,8.112427944339093,1,1,3.243110456941306
25,12.885353748107429,7.401094649828473,3,6,10.528912606092248,0.0310540070699134,40.0,60,7.0,5,1.0,4,7.0,3,5.0,2,5.0,1,5.0,5,8.0,3,2.0,5,4.433890832374374,1.0674488833417695,4.103796484804486,0.966859335481383,1.5260659960672207,0.7269947167029547,6.622140262933337,21.547837932580407,6.994737975339161,2.9957923084300107,8.356501167703282,4.989680497551408,3.840421925128728,6.380561429790441,9.724578511394656,0.283295203999585,10.93353333777991,1.7249771104584166,9.146127382563128,1.0760847220006746,2.680050570805672,1.2570149436222207,0.010376598907664358,9.467940963701831e-05,1.6060282970061632,0.1812764644546492,2.4181079229249627,0.47984042567476,1.099479578732309,0.38205204965984807,0.10629631128019132,0.003164213085006366,134.0,0,126.8674090762484,19.01591732211014,133.622208089275,0,2.1162555148025524,3.0955065769352914,0.3763871856490142,7.300000000000001,21.09843025764732,2.719119391286277,3.4718937625843056,14.166960205135709,31.197659468160584,8.515349631512438,1,0,13.798430257647318
26,110.09421479976602,7.882773869677432,1,6,5.1527845377019705,0.0036333193358181,50.0,60,1.0,5,1.0,4,5.0,3,5.0,2,9.0,1,3.0,5,9.0,3,2.0,5,8.70479122371554,0.4831767716230178,5.173087915143013,1.0331594375099888,2.3873388306664673,0.6926300514182241,6.622140262933337,21.547837932580407,8.523385308728411,1.5543973384271583,5.134375851815635,4.197228252685374,4.483158146244543,5.415885347697113,9.724578511394656,0.283295203999585,10.93353333777991,1.7249771104584166,9.146127382563128,1.0760847220006746,2.680050570805672,1.2570149436222207,0.010376598907664358,9.467940963701831e-05,1.6060282970061632,0.1812764644546492,2.4181079229249627,0.47984042567476,1.099479578732309,0.38205204965984807,0.10629631128019132,0.003164213085006366,95.0,0,181.02185073845027,19.614636828837302,65.34828384189123,0,4.607168188650764,3.8828901723898794,0.2737111353940678,99.19999999999996,47.56437184179816,3.609179036995812,4.156601307783947,35.93571750683724,62.854132844498075,13.459207668830416,4,3,51.6356281582018
27,109.84618292894774,8.696950441349951,2,6,7.08574582440051,0.0036422991377859,0.050000000745058,60,1.0,5,1.0,4,3.0,3,5.0,2,5.0,1,3.0,5,2.0,3,2.0,5,8.706777518682255,0.48095342542458325,6.521246711841888,1.5484285589863627,1.9567948333695546,1.120898093680396,6.622140262933337,21.547837932580407,9.558197090657385,0.5038795650697634,5.1262713032304585,4.189534660202861,5.162023171261571,11.417202873834851,9.724578511394656,0.283295203999585,10.93353333777991,1.7249771104584166,9.146127382563128,1.0760847220006746,2.680050570805672,1.2570149436222207,0.010376598907664358,9.467940963701831e-05,1.6060282970061632,0.1812764644546492,2.4181079229249627,0.47984042567476,1.099479578732309,0.38205204965984807,0.10629631128019132,0.003164213085006366,64.0,0,194.6088579239355,21.34654658598529,45.867712461129074,0,4.763028270603671,3.817921816036038,0.2980537000656376,116.09999999999995,44.509532797078904,3.5198681159704,4.115975516101676,32.77997313108609,60.311995938281264,13.766011403597588,4,4,71.59046720292105
28,11.19260472900314,9.052136407179423,2,6,6.52179976785639,0.035738617272365,0.050000000745058,60,8.0,5,1.0,4,3.0,3,5.0,2,5.0,1,5.0,5,2.0,3,2.0,5,4.2953956892360186,1.0826039703682957,6.624946955479105,1.8784635388267055,1.9567948333695546,1.120898093680396,6.622140262933337,21.547837932580407,9.453555954823035,0.8872306223819559,8.017378727711744,5.517437434110353,5.162023171261571,11.417202873834851,9.724578511394656,0.283295203999585,10.93353333777991,1.7249771104584166,9.146127382563128,1.0760847220006746,2.680050570805672,1.2570149436222207,0.010376598907664358,9.467940963701831e-05,1.6060282970061632,0.1812764644546492,2.4181079229249627,0.47984042567476,1.099479578732309,0.38205204965984807,0.10629631128019132,0.003164213085006366,109.0,0,154.1482764079019,22.008150047636455,127.23866167143835,0,3.3141860046725258,3.2524688076193407,0.39700967991194447,26.500000000000004,24.854089965809123,2.8554591277073964,3.649478487531285,16.382416124709497,37.454606262127044,10.536095068708773,2,2,1.6459100341908801
29,44.06922316544479,8.117728082642499,3,6,6.2533364110195215,0.0090766717663956,40.0,60,1.0,5,1.0,4,7.0,3,5.0,2,5.0,1,3.0,5,8.0,3,2.0,5,2.2468375107541214,0.41916347238414686,4.891585074256728,1.4891724094264243,1.5260659960672207,0.7269947167029547,6.622140262933337,21.547837932580407,9.403742129079731,1.0697227428582736,1.9717427724369818,3.8365912336704193,3.840421925128728,6.380561429790441,9.724578511394656,0.283295203999585,10.93353333777991,1.7249771104584166,9.146127382563128,1.0760847220006746,2.680050570805672,1.2570149436222207,0.010376598907664358,9.467940963701831e-05,1.6060282970061632,0.1812764644546492,2.4181079229249627,0.47984042567476,1.099479578732309,0.38205204965984807,0.10629631128019132,0.003164213085006366,94.0,0,98.59029743942865,16.55386162019137,63.18479221674562,0,0.7884573603642702,2.1073115808323974,0.8246256295125449,1.2,7.226096335448874,1.2826859513198525,2.9319372103449424,2.6063131100915857,17.763945019285053,7.578815954596734,0,0,6.026096335448874
30,45.27040282580178,8.182042826483128,3,6,2.4057934437340074,0.0087206138352606,40.0,60,1.0,5,1.0,4,7.0,3,5.0,2,9.0,1,3.0,5,8.0,3,2.0,5,1.950803879136577,0.27534660108959774,4.769950966444893,1.9882098931258794,1.5260659960672207,0.7269947167029547,6.622140262933337,21.547837932580407,2.7219540336432817,4.169742333669673,1.7933270527471465,2.912889214310205,3.840421925128728,6.380561429790441,9.724578511394656,0.283295203999585,10.93353333777991,1.7249771104584166,9.146127382563128,1.0760847220006746,2.680050570805672,1.2570149436222207,0.010376598907664358,9.467940963701831e-05,1.6060282970061632,0.1812764644546492,2.4181079229249627,0.47984042567476,1.099479578732309,0.38205204965984807,0.10629631128019132,0.003164213085006366,98.0,0,83.07855359369651,16.815487095968724,69.60890540477028,0,0.6418538861723948,1.506245152115329,0.5979230481577344,0.9,3.5097654797870894,0.9083221039575946,2.1041682002730635,1.4801575935831384,7.200279181975908,2.860060794196385,0,0,2.6097654797870895
31,134.68479315980113,7.994460889108319,1,6,5.168968296490178,0.0029699667574927,47.3998110782238,60,1.0,5,1.0,4,5.0,3,5.0,2,9.0,1,3.0,5,8.0,3,2.0,5,9.97115564415578,0.002038825341718045,5.092124562226495,0.8062643748160232,2.3873388306664673,0.6926300514182241,6.622140262933337,21.547837932580407,8.543583247586685,1.5500957494325065,5.733072039038779,4.765566444124396,3.325142952914363,4.234253154908407,9.724578511394656,0.283295203999585,10.93353333777991,1.7249771104584166,9.146127382563128,1.0760847220006746,2.680050570805672,1.2570149436222207,0.010376598907664358,9.467940963701831e-05,1.6060282970061632,0.1812764644546492,2.4181079229249627,0.47984042567476,1.099479578732309,0.38205204965984807,0.10629631128019132,0.003164213085006366,92.0,0,194.33412360618667,18.70169772340512,64.24880426315893,0,4.3551691805039985,3.680579251076482,0.34269833331648525,76.87999999999997,38.66936594161539,3.337880917759997,4.023277584392967,27.159391369576927,54.88397041528238,13.862289522852725,4,3,38.21063405838458
32,26.510649276636915,8.64393182003977,1,6,11.93934679552973,0.0151105703646567,50.00000000000001,60,2.0,5,1.0,4,5.0,3,5.0,2,5.0,1,5.0,5,9.0,3,2.0,5,3.6837727865342242,1.0879086056542917,6.64172840528247,1.6297828740003746,2.3873388306664673,0.6926300514182241,6.622140262933337,21.547837932580407,6.423378037469923,3.2575368135442693,4.668233840180682,16.37455826909264,4.483158146244543,5.415885347697109,9.724578511394656,0.283295203999585,10.93353333777991,1.7249771104584166,9.146127382563128,1.0760847220006746,2.680050570805672,1.2570149436222207,0.010376598907664358,9.467940963701831e-05,1.6060282970061632,0.1812764644546492,2.4181079229249627,0.47984042567476,1.099479578732309,0.38205204965984807,0.10629631128019132,0.003164213085006366,106.0,0,135.0568984748237,22.045872865830066,74.69391983749642,0,3.8475911452687575,3.4781495769040456,0.5410833102953745,45.88000000000001,31.399713394294327,2.937066266608671,4.01923288719942,17.860433585131272,54.65839318031293,18.398979797590826,1,2,14.480286605705682
33,48.75236125315634,8.24373771113995,4,6,7.646270391524403,0.0082047434807267,50.00000000000001,20,1.0,5,1.0,4,9.0,3,5.0,2,5.0,1,3.0,5,9.0,3,4.0,5,1.382517407518521,0.08050762088988267,5.006941333995137,2.1429133524274624,1.7920777687212166,0.9647969006335627,6.622140262933337,21.547837932580407,9.298150024252774,0.7223905857156957,1.5348315313093168,1.5745943848927824,4.483158146244543,5.415885347697109,1.0,1e-10,10.93353333777991,1.7249771104584166,9.146127382563128,1.0760847220006746,2.680050570805672,1.2570149436222207,0.010376598907664358,9.467940963701831e-05,1.6060282970061632,0.1812764644546492,2.4181079229249627,0.47984042567476,1.099479578732309,0.38205204965984807,0.10629631128019132,0.003164213085006366,113.0,0,89.46141521958914,16.49943718391254,69.85696555964965,0,0.6678293725756554,1.6984786865361063,0.5117630560565707,0.9500000000000001,4.465626133085813,1.1867156304795357,2.210241742592677,2.2763029276698328,8.117920316335601,2.920808694332884,0,0,3.5156261330858127
34,48.68468007708384,8.193693171346105,4,6,8.817773015128406,0.0082161523675082,50.0,40,1.0,5,1.0,4,9.0,3,5.0,2,5.0,1,3.0,5,9.0,3,9.0,5,1.3909317064526774,0.08227856039352074,4.74791746030795,2.078608430653412,1.7920777687212166,0.9647969006335627,6.622140262933337,21.547837932580407,8.435970331453815,1.668059988324515,1.5405483671609788,1.6041918487805558,4.483158146244543,5.415885347697113,2.836832823356769,0.5281315141242494,10.93353333777991,1.7249771104584166,9.146127382563128,1.0760847220006746,2.680050570805672,1.2570149436222207,0.010376598907664358,9.467940963701831e-05,1.6060282970061632,0.1812764644546492,2.4181079229249627,0.47984042567476,1.099479578732309,0.38205204965984807,0.10629631128019132,0.003164213085006366,138.0,0,86.00873538952081,16.256150382373196,70.38844711605061,0,1.5249687558076503,1.094011982949854,0.34045267100046117,3.5949999999999998,1.9862307784425126,0.7535593119493929,1.4344646539503152,1.124548505813447,3.1973973471144705,1.0364244206505118,0,0,1.6087692215574871
35,48.83802500623164,8.222465447620552,4,6,5.910424060752889,0.0081903479739873,50.0,20,1.0,5,1.0,4,9.0,3,5.0,2,9.0,1,3.0,5,9.0,3,4.0,5,1.3718674680815162,0.07826615091027637,4.795745780296969,2.208193462124238,1.7920777687212166,0.9647969006335627,6.622140262933337,21.547837932580407,9.340114167846314,1.302822718493688,1.5276181413785748,1.5372488928193127,4.483158146244543,5.415885347697113,1.0,1e-10,10.93353333777991,1.7249771104584166,9.146127382563128,1.0760847220006746,2.680050570805672,1.2570149436222207,0.010376598907664358,9.467940963701831e-05,1.6060282970061632,0.1812764644546492,2.4181079229249627,0.47984042567476,1.099479578732309,0.38205204965984807,0.10629631128019132,0.003164213085006366,117.0,0,87.46330516168311,16.629967039516945,76.2810787476743,0,1.5769147207285403,1.1973689236055218,0.35307378575914644,3.84,2.3113929232614723,0.8442951378463754,1.5504427093646682,1.3263374892837871,3.7135564563343166,1.1936094835252646,0,0,1.5286070767385276
36,48.76094004420554,8.110105680692474,4,6,6.394368136265944,0.0082032964762831,50.0,60,1.0,5,1.0,4,9.0,3,5.0,2,5.0,1,3.0,5,9.0,3,2.0,5,1.38145087001769,0.08028314902275352,4.906000805474937,1.4300278950937215,1.7920777687212166,0.9647969006335627,6.622140262933337,21.547837932580407,9.429910802035614,0.9738542455784294,1.5341064573350445,1.57084049877005,4.483158146244543,5.415885347697113,9.724578511394656,0.283295203999585,10.93353333777991,1.7249771104584166,9.146127382563128,1.0760847220006746,2.680050570805672,1.2570149436222207,0.010376598907664358,9.467940963701831e-05,1.6060282970061632,0.1812764644546492,2.4181079229249627,0.47984042567476,1.099479578732309,0.38205204965984807,0.10629631128019132,0.003164213085006366,103.0,0,89.6637880080274,14.589753146403522,69.64437293708927,0,0.688134638736401,1.1579138100670878,0.29838214503443317,0.99,2.183285406199602,0.8595316650326547,1.4562959551015209,1.3620542020440691,3.290039563255673,0.9639926806058019,0,0,1.193285406199602
37,48.24088324567317,8.108616046182888,4,6,4.273355711171552,0.0082917333290361,50.00000000000001,60,1.0,5,1.0,4,9.0,3,5.0,2,9.0,1,3.0,5,9.0,3,2.0,5,1.4461056768565135,0.09389090796107341,4.908818050071108,1.4184693719168653,1.7920777687212166,0.9647969006335627,6.622140262933337,21.547837932580407,7.203071423426578,1.6861396233828854,1.5784209448139035,1.8002674889606853,4.483158146244543,5.415885347697109,9.724578511394656,0.283295203999585,10.93353333777991,1.7249771104584166,9.146127382563128,1.0760847220006746,2.680050570805672,1.2570149436222207,0.010376598907664358,9.467940963701831e-05,1.6060282970061632,0.1812764644546492,2.4181079229249627,0.47984042567476,1.099479578732309,0.38205204965984807,0.10629631128019132,0.003164213085006366,107.0,0,86.92725053033105,14.50504865831994,76.06848612511392,0,0.4762341789963716,1.2400731080477274,0.3666008850273964,0.61,2.4558661071517682,0.873472223020331,1.6066739930751237,1.3952131457011059,3.986199483747599,1.2954931690232465,0,0,1.8458661071517684
38,48.00203017772948,8.080994412408803,4,6,11.66483666770697,0.0083329969255611,50.0,60,1.0,5,1.0,4,9.0,3,5.0,2,5.0,1,3.0,5,9.0,3,2.0,5,1.475800508294811,0.10014071563482793,4.961056970414809,1.2041447895404738,1.7920777687212166,0.9647969006335627,6.622140262933337,21.547837932580407,6.582023166255424,3.1051666027792955,1.5990975640582243,1.9073154272405861,4.483158146244543,5.415885347697113,9.724578511394656,0.283295203999585,10.93353333777991,1.7249771104584166,9.146127382563128,1.0760847220006746,2.680050570805672,1.2570149436222207,0.010376598907664358,9.467940963701831e-05,1.6060282970061632,0.1812764644546492,2.4181079229249627,0.47984042567476,1.099479578732309,0.38205204965984807,0.10629631128019132,0.003164213085006366,103.0,0,86.78228100160325,14.024446040902761,69.64437293708927,0,1.7227665977411035,1.3456405001898708,0.4695638665872581,4.6,2.8406456872658414,0.8760766336026127,1.815204366777129,1.4014593945321996,5.142331337643581,1.8704359715556906,0,0,1.7593543127341582
39,26.16446143835512,8.85183009170318,2,6,7.739460632348831,0.0153026527213429,0.050000000745058,60,2.0,5,1.0,4,3.0,3,5.0,2,5.0,1,5.0,5,2.0,3,2.0,5,3.6853146146453875,1.0867387414802137,6.335709706471872,1.5091942016728712,1.9567948333695546,1.120898093680396,6.622140262933337,21.547837932580407,9.23265667773571,0.7953763445853129,4.697190162807644,16.231760740715718,5.162023171261571,11.417202873834851,9.724578511394656,0.283295203999585,10.93353333777991,1.7249771104584166,9.146127382563128,1.0760847220006746,2.680050570805672,1.2570149436222207,0.010376598907664358,9.467940963701831e-05,1.6060282970061632,0.1812764644546492,2.4181079229249627,0.47984042567476,1.099479578732309,0.38205204965984807,0.10629631128019132,0.003164213085006366,79.0,0,136.44918915272441,21.97585199960531,61.63746164475892,0,2.4069451083182885,3.5273150640048163,0.48115673985115603,10.1,33.03246983361644,3.0461583241536605,4.008471803855972,20.034381729670013,54.0626596902681,17.014138980299045,2,1,22.932469833616437
40,56.61988739349817,7.7028225386764815,3,6,3.245265809481092,0.0070646639232292,40.0,60,1.0,5,1.0,4,7.0,3,5.0,2,9.0,1,3.0,5,8.0,3,2.0,5,1.1881773427935904,0.005256606497496314,4.83628624667207,1.0791084696901905,1.5260659960672207,0.7269947167029547,6.622140262933337,21.547837932580407,2.5777131115310223,0.42885925544867814,2.0374813968067196,1.2573675500460748,3.840421925128728,6.380561429790441,9.724578511394656,0.283295203999585,10.93353333777991,1.7249771104584166,9.146127382563128,1.0760847220006746,2.680050570805672,1.2570149436222207,0.010376598907664358,9.467940963701831e-05,1.6060282970061632,0.1812764644546492,2.4181079229249627,0.47984042567476,1.099479578732309,0.38205204965984807,0.10629631128019132,0.003164213085006366,98.0,0,75.70579840851909,12.327327548335104,69.60890540477028,0,2.1972245773362196,2.125856711805565,0.7771001506086174,8.000000000000002,7.38007372179526,1.3487565611969474,2.9029568624141824,2.8526320389366657,17.22796334375755,7.187665652410443,0,0,0.6199262782047414
41,28.22804949595539,8.807591423853493,2,6,5.949902828969032,0.0141813974922136,0.050000000745058,60,2.0,5,1.0,4,3.0,3,5.0,2,9.0,1,5.0,5,2.0,3,2.0,5,3.676123944941738,1.0937121746043343,6.320798590742379,1.439435713019928,1.9567948333695546,1.120898093680396,6.622140262933337,21.547837932580407,9.347439519446064,1.2759864149830573,4.528161477810424,17.065322334615427,5.162023171261571,11.417202873834851,9.724578511394656,0.283295203999585,10.93353333777991,1.7249771104584166,9.146127382563128,1.0760847220006746,2.680050570805672,1.2570149436222207,0.010376598907664358,9.467940963701831e-05,1.6060282970061632,0.1812764644546492,2.4181079229249627,0.47984042567476,1.099479578732309,0.38205204965984807,0.10629631128019132,0.003164213085006366,83.0,0,135.98793858464924,21.985644082808474,68.06157483278356,0,3.8969093676180977,2.692019093288855,0.5784725908375437,48.24999999999999,13.761450597236875,2.113546502451311,3.270491684126399,7.2775456258054625,25.324279392112885,9.023366883153711,1,2,34.48854940276312
42,9.59150879794772,8.894308495240434,10,6,7.437743668503421,0.0417204607588949,0.1000000014901161,60,8.0,5,1.0,4,4.0,3,5.0,2,5.0,1,5.0,5,3.0,3,2.0,5,4.164399299548494,1.0969384924380832,6.350027506304819,1.5761769878909622,9.978750801403518,0.002257642304963983,6.622140262933337,21.547837932580407,9.44470091636401,0.5590743308199231,7.213468538602498,6.364814850348864,5.243989313408314,11.299468208777327,9.724578511394656,0.283295203999585,10.93353333777991,1.7249771104584166,9.146127382563128,1.0760847220006746,2.680050570805672,1.2570149436222207,0.010376598907664358,9.467940963701831e-05,1.6060282970061632,0.1812764644546492,2.4181079229249627,0.47984042567476,1.099479578732309,0.38205204965984807,0.10629631128019132,0.003164213085006366,115.0,0,169.83277944263617,23.785322610525025,131.01819182097634,0,3.632309102625542,3.594906207909839,0.3278586170752962,36.800000000000004,35.412284643431164,3.267047590834543,3.9227648249851352,25.23377206534886,49.53998600168984,12.15310696817049,3,2,1.3877153565688403
43,7.757771939933574,9.006499270685547,8,6,4.564621719506937,0.0515676435536522,5.0,60,9.0,5,1.0,4,6.0,3,5.0,2,9.0,1,5.0,5,5.0,3,2.0,5,4.018170449285655,1.1556151291014776,6.470315036991308,1.7729545672736056,9.225056591344039,0.308330671856916,6.622140262933337,21.547837932580407,7.789336019185719,1.7107290496767562,5.451046911952627,8.366341913753562,7.307222673807168,6.090605596630478,9.724578511394656,0.283295203999585,10.93353333777991,1.7249771104584166,9.146127382563128,1.0760847220006746,2.680050570805672,1.2570149436222207,0.010376598907664358,9.467940963701831e-05,1.6060282970061632,0.1812764644546492,2.4181079229249627,0.47984042567476,1.099479578732309,0.38205204965984807,0.10629631128019132,0.003164213085006366,136.0,0,162.66240229389436,23.983450202147836,155.93489864585686,0,3.126760535960395,3.4344594044309984,0.47359831771616934,21.8,30.014641654943695,2.960861086714829,3.9080577221471677,18.31459613909529,48.80212840368637,15.243766132295539,2,1,8.214641654943694
44,10.943468254237075,7.269867639910928,4,6,4.586752048295731,0.0365980120832106,50.00000000000001,60,8.0,5,1.0,4,9.0,3,5.0,2,9.0,1,5.0,5,9.0,3,2.0,5,4.275012164363578,1.0848344752535146,3.290203190157204,0.35926761622017517,1.7920777687212166,0.9647969006335627,6.622140262933337,21.547837932580407,7.816955500768408,1.7048468822512712,8.022479985163786,5.51391060130416,4.483158146244543,5.415885347697109,9.724578511394656,0.283295203999585,10.93353333777991,1.7249771104584166,9.146127382563128,1.0760847220006746,2.680050570805672,1.2570149436222207,0.010376598907664358,9.467940963701831e-05,1.6060282970061632,0.1812764644546492,2.4181079229249627,0.47984042567476,1.099479578732309,0.38205204965984807,0.10629631128019132,0.003164213085006366,152.0,0,119.62148164942808,17.521716778508043,157.43943533542318,0,4.039536325727106,3.096292536069142,0.5774316594853495,55.800000000000004,21.115805547991712,2.5188608765837923,3.6737241955544917,11.41444701871341,38.398360176599354,13.491956578942972,1,3,34.68419445200829
45,37.46846471662107,8.609189842211455,1,6,10.980902247371985,0.0106864335476543,50.0,60,2.0,5,1.0,4,5.0,3,5.0,2,5.0,1,5.0,5,9.0,3,2.0,5,3.4001606468457517,0.8772996498522824,6.720677503142672,1.6830926308105114,2.3873388306664673,0.6926300514182241,6.622140262933337,21.547837932580407,6.838511764778038,3.0222203317395437,2.778372204386269,8.012709999787125,4.483158146244543,5.415885347697113,9.724578511394656,0.283295203999585,10.93353333777991,1.7249771104584166,9.146127382563128,1.0760847220006746,2.680050570805672,1.2570149436222207,0.010376598907664358,9.467940963701831e-05,1.6060282970061632,0.1812764644546492,2.4181079229249627,0.47984042567476,1.099479578732309,0.38205204965984807,0.10629631128019132,0.003164213085006366,106.0,0,128.77492131466065,20.192011824429382,74.69391983749642,0,4.539991459963097,3.2542668844747267,0.521948092444509,92.68999999999997,24.90061942583017,2.7323187920302177,3.7762149769192357,14.36848204891504,42.65051047374261,14.141014212413783,1,3,67.7893805741698
46,52.453011551574185,8.966488870610295,4,4,0.0,0.0028597025984345,42.07596403528418,90,1.0,5,1.0,4,9.0,3,4.0,2,10.0,1,3.0,5,8.0,3,3.0,5,1.0245040707864381,0.0006845046920431629,6.374356673136767,1.689995828759139,1.7920777687212166,0.9647969006335627,6.344978097835935,23.819939929212172,6.098650131142254,12.346472019973112,5.832588847705087,4.8600370692298,4.850367382706821,8.418856225493242,8.90687197921755,4.901246850353492,10.93353333777991,1.7249771104584166,9.146127382563128,1.0760847220006746,2.680050570805672,1.2570149436222207,0.010376598907664358,9.467940963701831e-05,1.6060282970061632,0.1812764644546492,2.4181079229249627,0.47984042567476,1.099479578732309,0.38205204965984807,0.10629631128019132,0.003164213085006366,108.0,0,104.54890737784895,17.342480325076444,76.67095455576029,0,2.5649493574615367,2.2079678771009066,0.5646402698191837,12.0,8.097210946055878,1.643327607281723,2.7726081469200903,4.172352465046033,15.00031079790351,5.413979166428739,1,1,3.9027890539441223
47,4.44799834589314,8.962008390659937,8,6,7.482616575129699,0.0899638200542233,5.0,60,10.0,5,1.0,4,6.0,3,5.0,2,5.0,1,5.0,5,5.0,3,2.0,5,3.774117147165959,1.4825218904388522,6.372846479491461,1.6829307084702834,9.225056591344039,0.308330671856916,6.622140262933337,21.547837932580407,9.413164601006272,0.5942183878996193,5.177199281415937,7.920514935056029,7.307222673807168,6.090605596630478,9.724578511394656,0.283295203999585,10.93353333777991,1.7249771104584166,9.146127382563128,1.0760847220006746,2.680050570805672,1.2570149436222207,0.010376598907664358,9.467940963701831e-05,1.6060282970061632,0.1812764644546492,2.4181079229249627,0.47984042567476,1.099479578732309,0.38205204965984807,0.10629631128019132,0.003164213085006366,137.0,0,161.0482990631013,24.501170429752687,160.4443187956121,0,3.6068556186353455,2.7937102377326823,0.40091182148838644,35.849999999999994,15.341538455655845,2.392798416244296,3.194622059221069,9.944077214177112,23.40094983538163,6.72843631060226,2,2,20.50846154434415
48,4.704264825768696,8.882834672569762,8,9,5.142005778366524,0.3125034812534062,5.0,60,10.0,5,1.0,4,6.0,3,8.0,2,9.0,1,5.0,5,5.0,3,2.0,5,3.793013509366937,1.4572104174346887,6.346160131765346,1.5580842973222158,9.225056591344039,0.308330671856916,4.6,24.3000000001,8.509933012208517,1.5572622966324883,4.846141987793546,7.36491791683291,7.307222673807168,6.090605596630478,9.724578511394656,0.283295203999585,10.93353333777991,1.7249771104584166,9.146127382563128,1.0760847220006746,2.680050570805672,1.2570149436222207,0.010376598907664358,9.467940963701831e-05,1.6060282970061632,0.1812764644546492,2.4181079229249627,0.47984042567476,1.099479578732309,0.38205204965984807,0.10629631128019132,0.003164213085006366,147.0,0,158.73869564005713,24.1127750087775,166.89956178035976,0,4.155753190350744,2.576480714966459,0.25949560856515275,62.799999999999976,12.150775298760479,2.3169851064013063,2.8359763235316118,9.145041930624846,16.04703560035823,3.450996834866693,2,3,50.6492247012395
49,80.66400193784759,9.01908168374465,2,9,14.090493841584896,0.0166325938720139,0.050000000745058,60,1.0,5,1.0,4,3.0,3,8.0,2,3.0,1,5.0,5,2.0,3,2.0,5,2.6940195385814065,0.6415172641148235,6.51294791933256,1.802043979176134,1.9567948333695546,1.120898093680396,4.6,24.3000000001,4.751082549691456,3.641580039378155,4.897678149825705,15.243058225404376,5.162023171261571,11.417202873834851,9.724578511394656,0.283295203999585,10.93353333777991,1.7249771104584166,9.146127382563128,1.0760847220006746,2.680050570805672,1.2570149436222207,0.010376598907664358,9.467940963701831e-05,1.6060282970061632,0.1812764644546492,2.4181079229249627,0.47984042567476,1.099479578732309,0.38205204965984807,0.10629631128019132,0.003164213085006366,78.0,0,120.49815844952987,20.901571285212007,47.52300150968967,0,1.4816045409242156,3.2198334124553214,0.39514139631067224,3.4000000000000004,24.02395115551241,2.824692016144649,3.614974808765994,15.855752886829768,36.15041004918566,10.147328581177945,1,0,20.623951155512408
50,9.024825871030837,9.0165181445001,8,9,7.390315878763497,0.1662756093709853,5.0,60,9.0,5,1.0,4,6.0,3,8.0,2,5.0,1,5.0,5,5.0,3,2.0,5,4.11803517102639,1.1020119728991242,6.504261901278892,1.7961173060759332,9.225056591344039,0.308330671856916,4.6,24.3000000001,9.478032782882387,0.5219293122530262,4.866270955534506,7.338610741412712,7.307222673807168,6.090605596630478,9.724578511394656,0.283295203999585,10.93353333777991,1.7249771104584166,9.146127382563128,1.0760847220006746,2.680050570805672,1.2570149436222207,0.010376598907664358,9.467940963701831e-05,1.6060282970061632,0.1812764644546492,2.4181079229249627,0.47984042567476,1.099479578732309,0.38205204965984807,0.10629631128019132,0.003164213085006366,138.0,0,165.34181937909304,23.78916780671751,149.5419152545552,0,3.1986731175506815,3.3026451061685793,0.4776981052380669,23.500000000000004,26.184449660760023,2.8249470009305124,3.780343211406646,15.860051395374034,42.8310824818219,13.485515543223933,2,1,2.68444966076002
51,23.35274284232661,8.878903601544991,1,6,29.634283093311677,0.0171392560189027,50.0,60,2.0,5,1.0,4,5.0,3,5.0,2,1.0,1,5.0,5,9.0,3,2.0,5,3.76312141758982,1.0939246123674693,6.344835122269346,1.5518855217531322,2.3873388306664673,0.6926300514182241,6.622140262933337,21.547837932580407,4.735625731665125,4.564489834507205,4.974057224100333,14.86639634168925,4.483158146244543,5.415885347697113,9.724578511394656,0.283295203999585,10.93353333777991,1.7249771104584166,9.146127382563128,1.0760847220006746,2.680050570805672,1.2570149436222207,0.010376598907664358,9.467940963701831e-05,1.6060282970061632,0.1812764644546492,2.4181079229249627,0.47984042567476,1.099479578732309,0.38205204965984807,0.10629631128019132,0.003164213085006366,102.0,0,131.23797157852377,21.671342608511345,68.26980664947178,0,3.3541057741283047,3.4463244041659054,0.46118482890254775,27.619999999999994,30.384822122765407,2.9851395752633576,3.907509233068453,18.789264135372807,48.77481997003363,14.992777917330413,1,2,2.7648221227654126
52,19.468938999266427,7.6380176844736,3,6,4.864192773997617,0.0205479099661328,40.0,20,4.0,5,1.0,4,7.0,3,5.0,2,9.0,1,5.0,5,8.0,3,4.0,5,3.987252288676975,1.1336693702708673,4.649469391229821,1.0509624756134266,1.5260659960672207,0.7269947167029547,6.622140262933337,21.547837932580407,8.163211947608518,1.6311040646545902,5.497489539377944,12.318775561552703,3.840421925128728,6.380561429790441,1.0,1e-10,10.93353333777991,1.7249771104584166,9.146127382563128,1.0760847220006746,2.680050570805672,1.2570149436222207,0.010376598907664358,9.467940963701831e-05,1.6060282970061632,0.1812764644546492,2.4181079229249627,0.47984042567476,1.099479578732309,0.38205204965984807,0.10629631128019132,0.003164213085006366,133.0,0,121.010678660531,19.961189173216603,107.4583138865203,0,2.390595970316759,3.1788768193844055,0.5407044397466028,9.920000000000002,23.019759866836623,2.638172379637803,3.719581259131008,12.98761618065413,40.24711863758863,13.62975122846725,1,0,13.09975986683662
53,59.544856106590494,9.022445272260311,2,6,5.676933627196672,0.0154051512153973,0.050000000745058,60,1.0,5,1.0,4,3.0,3,5.0,2,9.0,1,5.0,5,2.0,3,2.0,5,1.2289298437610845,0.005384747977572714,6.524344737475389,1.80982029452543,1.9567948333695546,1.120898093680396,6.622140262933337,21.547837932580407,9.177543060384265,1.4150802623119287,4.7126417613501665,16.155561490217995,5.162023171261571,11.417202873834851,9.724578511394656,0.283295203999585,10.93353333777991,1.7249771104584166,9.146127382563128,1.0760847220006746,2.680050570805672,1.2570149436222207,0.010376598907664358,9.467940963701831e-05,1.6060282970061632,0.1812764644546492,2.4181079229249627,0.47984042567476,1.099479578732309,0.38205204965984807,0.10629631128019132,0.003164213085006366,78.0,0,111.26635399605868,19.016966314337377,57.12804149500365,0,1.308332819650179,3.321222219105671,0.4497278352637093,2.7000000000000006,26.694178235644536,2.871494383841962,3.77095005436938,16.663394378014218,42.421297839689224,12.878951730837503,1,0,23.994178235644537
54,46.28378437236598,8.996004037924518,2,9,22.822156947347835,0.031657316083647,0.050000000745058,60,1.0,5,1.0,4,3.0,3,8.0,2,1.0,1,5.0,5,2.0,3,2.0,5,1.7010535467388037,0.1540147401994626,6.4347541297676125,1.748690529257655,1.9567948333695546,1.120898093680396,4.6,24.3000000001,4.73751041378517,3.914977621975295,8.257843643964323,5.139611767483998,5.162023171261571,11.417202873834851,9.724578511394656,0.283295203999585,10.93353333777991,1.7249771104584166,9.146127382563128,1.0760847220006746,2.680050570805672,1.2570149436222207,0.010376598907664358,9.467940963701831e-05,1.6060282970061632,0.1812764644546492,2.4181079229249627,0.47984042567476,1.099479578732309,0.38205204965984807,0.10629631128019132,0.003164213085006366,76.0,0,117.02980688395009,18.11997963640056,44.31094491567734,0,1.6486586255873816,3.1388935280065944,0.3270839024812817,4.2,22.078317214693076,2.8118096255253127,3.465977430487876,15.640003163800943,31.007729819465922,7.68386332783249,1,0,17.878317214693077
55,124.12525854374869,8.359208478742154,4,6,5.691888758666767,0.0032226295997746,50.0,60,1.0,5,1.0,4,9.0,3,5.0,2,9.0,1,3.0,5,9.0,3,2.0,5,9.12889719354268,0.2685071691248358,6.153359658376161,1.78855781480595,1.7920777687212166,0.9647969006335627,6.622140262933337,21.547837932580407,9.196207626200122,1.411105238351969,5.505036021286342,4.549093413765723,4.483158146244543,5.415885347697113,9.724578511394656,0.283295203999585,10.93353333777991,1.7249771104584166,9.146127382563128,1.0760847220006746,2.680050570805672,1.2570149436222207,0.010376598907664358,9.467940963701831e-05,1.6060282970061632,0.1812764644546492,2.4181079229249627,0.47984042567476,1.099479578732309,0.38205204965984807,0.10629631128019132,0.003164213085006366,107.0,0,195.00605595582627,21.256190122471985,76.06848612511392,0,4.191168746857641,4.093233939018494,0.19401815615299478,65.10000000000002,58.93339959860504,3.899215782865499,4.287252095171489,48.36372204565202,71.76623882056842,11.7012583874582,4,3,6.16660040139498
56,124.10802577570507,8.358888639690798,4,6,5.616453057653149,0.0032230785210104,50.0,60,1.0,5,1.0,4,9.0,3,5.0,2,9.0,1,3.0,5,9.0,3,2.0,5,9.12592596607107,0.26961378900798993,6.150184228291639,1.7895393336903307,1.7920777687212166,0.9647969006335627,6.622140262933337,21.547837932580407,9.10206103783683,1.4311557955513559,5.504630856007697,4.548708793140751,4.483158146244543,5.415885347697113,9.724578511394656,0.283295203999585,10.93353333777991,1.7249771104584166,9.146127382563128,1.0760847220006746,2.680050570805672,1.2570149436222207,0.010376598907664358,9.467940963701831e-05,1.6060282970061632,0.1812764644546492,2.4181079229249627,0.47984042567476,1.099479578732309,0.38205204965984807,0.10629631128019132,0.003164213085006366,107.0,0,194.79234523481543,21.251810461619826,76.06848612511392,0,3.6428355156125294,4.3044750163572125,0.1772626551599794,37.199999999999996,73.03034053154349,4.127212361197233,4.481737671517192,61.004834709926364,87.38812884278066,13.191647066427148,4,2,35.83034053154349
57,51.138405700897856,8.076942594940734,4,6,3.8030030769408154,0.0078219161121887,50.0,60,1.0,5,1.0,4,9.0,3,5.0,2,9.0,1,3.0,5,9.0,3,2.0,5,1.0858781878930288,0.018074598664980332,4.968719897658462,1.1727055164760414,1.7920777687212166,0.9647969006335627,6.622140262933337,21.547837932580407,5.086963228332052,1.1109320155150533,1.3540379112308791,0.6085793285199852,4.483158146244543,5.415885347697113,9.724578511394656,0.283295203999585,10.93353333777991,1.7249771104584166,9.146127382563128,1.0760847220006746,2.680050570805672,1.2570149436222207,0.010376598907664358,9.467940963701831e-05,1.6060282970061632,0.1812764644546492,2.4181079229249627,0.47984042567476,1.099479578732309,0.38205204965984807,0.10629631128019132,0.003164213085006366,107.0,0,79.5954491669234,12.897909433913904,76.06848612511392,0,0.4824261492442927,1.2598920797149429,0.26201416686030965,0.62,2.525041043402699,0.9978779128546332,1.5219062465752526,1.7125195137627909,3.58094929626384,0.9342148912505246,0,0,1.905041043402699
58,123.14625275840912,8.256725112496866,4,6,4.424980875204907,0.0032482409566954,50.0,60,1.0,5,1.0,4,9.0,3,5.0,2,9.0,1,3.0,5,9.0,3,2.0,5,8.960099651737213,0.33137503022746473,5.135883015174156,2.103057744937341,1.7920777687212166,0.9647969006335627,6.622140262933337,21.547837932580407,7.615059000339797,1.7478451193682547,5.481920980749675,4.527150464045965,4.483158146244543,5.415885347697113,9.724578511394656,0.283295203999585,10.93353333777991,1.7249771104584166,9.146127382563128,1.0760847220006746,2.680050570805672,1.2570149436222207,0.010376598907664358,9.467940963701831e-05,1.6060282970061632,0.1812764644546492,2.4181079229249627,0.47984042567476,1.099479578732309,0.38205204965984807,0.10629631128019132,0.003164213085006366,107.0,0,181.2592673200881,21.53652201770173,76.06848612511392,0,3.5496173867804286,4.098818015684081,0.25495662044421397,33.8,59.26900845751513,3.843861395239867,4.353774636128295,45.70547498829794,76.7714685775515,15.532996794626783,4,2,25.46900845751513
59,51.476169558871305,8.110454634788722,4,6,3.057258650190472,0.0077705907132443,49.99999999999999,60,1.0,5,1.0,4,9.0,3,5.0,2,9.0,1,3.0,5,8.0,3,2.0,5,1.043886511106883,0.009236700246287699,4.9053408522880035,1.4327355351109117,1.7920777687212166,0.9647969006335627,6.622140262933337,21.547837932580407,1.731872222041807,0.19893995557178426,1.4003606687805528,0.6525532051039651,4.483158146244543,5.415885347697118,9.724578511394656,0.283295203999585,10.93353333777991,1.7249771104584166,9.146127382563128,1.0760847220006746,2.680050570805672,1.2570149436222207,0.010376598907664358,9.467940963701831e-05,1.6060282970061632,0.1812764644546492,2.4181079229249627,0.47984042567476,1.099479578732309,0.38205204965984807,0.10629631128019132,0.003164213085006366,104.0,0,73.28030127843891,13.41799643735135,74.9690065463816,0,1.1969481893889715,1.0568743043205742,0.1980195763951289,2.31,1.8773631571424167,0.8588547279254453,1.254893880715703,1.3604557809817697,2.507466144795584,0.5735051819069071,0,0,0.4326368428575833
60,51.42351100759384,8.10990379452992,4,6,2.517102976748882,0.007778551120078,50.0,60,1.0,5,1.0,4,9.0,3,5.0,2,9.0,1,3.0,5,9.0,3,2.0,5,1.0504331584555282,0.010614559114486527,4.906382619065342,1.4284613995044024,1.7920777687212166,0.9647969006335627,6.622140262933337,21.547837932580407,2.329822766802179,3.220189493281616,1.3931761557842934,0.6457329961068057,4.483158146244543,5.415885347697113,9.724578511394656,0.283295203999585,10.93353333777991,1.7249771104584166,9.146127382563128,1.0760847220006746,2.680050570805672,1.2570149436222207,0.010376598907664358,9.467940963701831e-05,1.6060282970061632,0.1812764644546492,2.4181079229249627,0.47984042567476,1.099479578732309,0.38205204965984807,0.10629631128019132,0.003164213085006366,107.0,0,74.30435996442127,13.713788579363154,76.06848612511392,0,0.7490548124982412,1.229582571899674,0.20912165967330676,1.115,2.419801716970247,1.0204609122263673,1.4387042315729808,1.7744732579512281,3.2152303143944136,0.7203785282215928,0,0,1.3048017169702468
61,51.59041036948478,8.295451396643477,4,6,3.620505864473453,0.0077533826704335,50.0,90,1.0,5,1.0,4,9.0,3,5.0,2,9.0,1,3.0,5,9.0,3,3.0,5,1.029683797933689,0.00624748557563351,5.520365795558941,1.9842149111724277,1.7920777687212166,0.9647969006335627,6.622140262933337,21.547837932580407,4.265911492296391,0.8877509862483967,1.4158914588264837,0.6672964777599404,4.483158146244543,5.415885347697113,8.90687197921755,4.901246850353492,10.93353333777991,1.7249771104584166,9.146127382563128,1.0760847220006746,2.680050570805672,1.2570149436222207,0.010376598907664358,9.467940963701831e-05,1.6060282970061632,0.1812764644546492,2.4181079229249627,0.47984042567476,1.099479578732309,0.38205204965984807,0.10629631128019132,0.003164213085006366,112.0,0,82.77048662721542,15.404855228809714,76.17478243639411,0,2.606632519532091,1.13960041732468,0.24901759788765698,12.553333333333335,2.125519212304235,0.8905828194370231,1.388618015212337,1.436549305843266,3.0093054234755057,0.7863780588161199,0,1,10.4278141210291
62,14.776802035823067,8.807234773997227,2,6,15.271326153879086,0.0270720218301688,0.050000000745058,60,7.0,5,1.0,4,3.0,3,5.0,2,3.0,1,5.0,5,2.0,3,2.0,5,4.399641790587815,1.0758280216420122,6.320678378097194,1.4388733236858735,1.9567948333695546,1.120898093680396,6.622140262933337,21.547837932580407,4.375545842591353,3.494780961329915,9.007664658344847,4.000097895174833,5.162023171261571,11.417202873834851,9.724578511394656,0.283295203999585,10.93353333777991,1.7249771104584166,9.146127382563128,1.0760847220006746,2.680050570805672,1.2570149436222207,0.010376598907664358,9.467940963701831e-05,1.6060282970061632,0.1812764644546492,2.4181079229249627,0.47984042567476,1.099479578732309,0.38205204965984807,0.10629631128019132,0.003164213085006366,102.0,0,146.74436578721662,20.912066597879953,113.09307173964612,0,3.087399462079815,3.117315093497437,0.3610556030727854,20.92,21.58565778394652,2.7562594904246516,3.4783706965702224,14.740853877793239,31.406878400236966,8.333012261221864,2,1,0.6656577839465179
63,17.333604790748918,8.762412632701004,2,6,14.308864076611773,0.0230793750600634,0.050000000745058,60,6.0,5,1.0,4,3.0,3,5.0,2,3.0,1,5.0,5,2.0,3,2.0,5,4.168888977843547,1.1118591238240976,6.372487738571649,1.447980233377822,1.9567948333695546,1.120898093680396,6.622140262933337,21.547837932580407,4.5368866160772425,3.59668872763827,6.915701208600906,8.968928437468659,5.162023171261571,11.417202873834851,9.724578511394656,0.283295203999585,10.93353333777991,1.7249771104584166,9.146127382563128,1.0760847220006746,2.680050570805672,1.2570149436222207,0.010376598907664358,9.467940963701831e-05,1.6060282970061632,0.1812764644546492,2.4181079229249627,0.47984042567476,1.099479578732309,0.38205204965984807,0.10629631128019132,0.003164213085006366,97.0,0,139.8958016821831,21.29023406082534,102.15953840186621,0,2.325324579963535,3.2893699193676316,0.3723542789302352,9.23,25.825955814602715,2.9170156404373966,3.6617241982978666,17.486036077216873,37.928405330439006,10.221184626611066,2,0,16.595955814602714
64,40.39587316388379,7.407681266989611,3,6,5.776675423101066,0.0099020187004677,40.0,60,2.0,5,1.0,4,7.0,3,5.0,2,9.0,1,3.0,5,8.0,3,2.0,5,3.0792100779409735,0.8078027169093833,4.144632800133758,0.997355908157737,1.5260659960672207,0.7269947167029547,6.622140262933337,21.547837932580407,9.302024568151142,1.3885692263292504,2.385312740579164,5.9777445770180995,3.840421925128728,6.380561429790441,9.724578511394656,0.283295203999585,10.93353333777991,1.7249771104584166,9.146127382563128,1.0760847220006746,2.680050570805672,1.2570149436222207,0.010376598907664358,9.467940963701831e-05,1.6060282970061632,0.1812764644546492,2.4181079229249627,0.47984042567476,1.099479578732309,0.38205204965984807,0.10629631128019132,0.003164213085006366,103.0,0,101.69604553989032,17.13458301895392,80.54243874255017,0,1.9740810260220096,2.7825664777836074,0.4519566652516809,6.2,15.160443189078169,2.3306098125319266,3.2345231430352883,9.284211062017087,24.394259461668472,7.555024199825692,1,0,8.96044318907817
65,3.394954798553798,9.169830394409924,8,6,5.374238134522371,0.1784663920243884,5.0,60,10.0,5,1.0,4,6.0,3,5.0,2,9.0,1,5.0,5,5.0,3,2.0,5,3.69646870756672,1.5865311363364492,7.023728483815629,2.150561494673255,9.225056591344039,0.308330671856916,6.622140262933337,21.547837932580407,8.799767715748883,1.4955357125604383,4.849430527885985,7.3623687034237015,7.307222673807168,6.090605596630478,9.724578511394656,0.283295203999585,10.93353333777991,1.7249771104584166,9.146127382563128,1.0760847220006746,2.680050570805672,1.2570149436222207,0.010376598907664358,9.467940963701831e-05,1.6060282970061632,0.1812764644546492,2.4181079229249627,0.47984042567476,1.099479578732309,0.38205204965984807,0.10629631128019132,0.003164213085006366,141.0,0,164.37466400786647,25.606646834018903,166.86843198363675,0,2.4069451083182885,3.1835881071600687,0.4220312343215322,10.1,23.133190861088266,2.7615568728385362,3.605619341481601,14.824460452789324,35.80447133570703,10.490005441458852,2,1,13.033190861088267
66,2.778162958437327,9.056874566748688,8,6,7.736948200934211,0.1925270224901024,5.0,60,10.0,5,1.0,4,6.0,3,5.0,2,5.0,1,5.0,5,5.0,3,2.0,5,3.650988229514701,1.6474517452973931,6.641001220943262,1.889417739322493,9.225056591344039,0.308330671856916,6.622140262933337,21.547837932580407,9.234422394186085,0.7934086308871653,4.846141987793546,7.36491791683291,7.307222673807168,6.090605596630478,9.724578511394656,0.283295203999585,10.93353333777991,1.7249771104584166,9.146127382563128,1.0760847220006746,2.680050570805672,1.2570149436222207,0.010376598907664358,9.467940963701831e-05,1.6060282970061632,0.1812764644546492,2.4181079229249627,0.47984042567476,1.099479578732309,0.38205204965984807,0.10629631128019132,0.003164213085006366,137.0,0,161.06704505400003,25.190140630969857,160.4443187956121,0,1.2809338454620642,3.032745383850699,0.2760567171059094,2.5999999999999996,19.754132507814635,2.7566886667447896,3.3088021009566084,14.747610929415899,26.352340496762878,5.8023647836734895,2,0,17.154132507814637
67,5.699192878084221,8.537157499151384,2,6,4.9827894588338015,0.0702149542063109,0.050000000745058,60,10.0,5,1.0,4,3.0,3,5.0,2,9.0,1,5.0,5,2.0,3,2.0,5,3.8663766774628856,1.358941246415918,6.7060152018709065,1.685249125611876,1.9567948333695546,1.120898093680396,6.622140262933337,21.547837932580407,8.311225064985232,1.5995814622128595,5.346122682273289,9.075589179217996,5.162023171261571,11.417202873834851,9.724578511394656,0.283295203999585,10.93353333777991,1.7249771104584166,9.146127382563128,1.0760847220006746,2.680050570805672,1.2570149436222207,0.010376598907664358,9.467940963701831e-05,1.6060282970061632,0.1812764644546492,2.4181079229249627,0.47984042567476,1.099479578732309,0.38205204965984807,0.10629631128019132,0.003164213085006366,123.0,0,141.90504210705973,22.320121369648117,155.52984153502283,0,3.648057459593681,2.9792082438625775,0.4654789089930045,37.39999999999999,18.67223486440057,2.513729334869573,3.444687152855582,11.350904939828377,30.33347932362232,9.491287191896973,2,2,18.727765135599423
68,136.96320707331046,8.098992815222031,4,6,6.239841986783349,0.0061829348784594,49.99999999999999,60,1.0,5,1.0,4,9.0,3,5.0,2,5.0,1,3.0,5,8.0,3,2.0,5,9.97413723667183,0.002048116561220667,4.927017813333659,1.3437998221839937,1.7920777687212166,0.9647969006335627,6.622140262933337,21.547837932580407,9.401238216049189,1.0788957865186144,2.8332690887762153,2.012803357514823,4.483158146244543,5.415885347697118,9.724578511394656,0.283295203999585,10.93353333777991,1.7249771104584166,9.146127382563128,1.0760847220006746,2.680050570805672,1.2570149436222207,0.010376598907664358,9.467940963701831e-05,1.6060282970061632,0.1812764644546492,2.4181079229249627,0.47984042567476,1.099479578732309,0.38205204965984807,0.10629631128019132,0.003164213085006366,100.0,0,186.89990155781697,19.243501142567364,68.54489335835697,0,4.655482999861681,4.172647320030358,0.21783394685017088,104.16000000000003,63.8870015930462,3.9548133731801873,4.3904812668805295,51.18595373698315,79.67923788374131,14.246642073379078,4,4,40.272998406953825
69,146.9927346041814,8.537671098460475,4,6,5.084726572306966,0.0027213337636226,50.0,50,1.0,5,1.0,4,9.0,3,5.0,2,9.0,1,3.0,5,9.0,3,8.0,5,9.90122670310342,0.000204991772667987,6.706387981873821,1.6853967402496222,1.7920777687212166,0.9647969006335627,6.622140262933337,21.547837932580407,8.438446411537942,1.5724869181578494,5.957470994152036,4.978586835821563,4.483158146244543,5.415885347697113,4.79034413280735,1.192116773086885,10.93353333777991,1.7249771104584166,9.146127382563128,1.0760847220006746,2.680050570805672,1.2570149436222207,0.010376598907664358,9.467940963701831e-05,1.6060282970061632,0.1812764644546492,2.4181079229249627,0.47984042567476,1.099479578732309,0.38205204965984807,0.10629631128019132,0.003164213085006366,137.0,0,207.8609736151727,21.140145771707097,76.70626399279507,0,4.389498649512583,4.43781695501994,0.1813738302295187,79.60000000000002,83.59007602140696,4.2564431247904215,4.619190785249459,69.55856857028314,100.4119348832858,15.426683156501326,4,3,3.990076021406935
70,18.665531634521884,7.444169114502367,3,6,12.696371868211992,0.0214513123045564,40.0,60,5.0,5,1.0,4,7.0,3,5.0,2,3.0,1,5.0,5,8.0,3,2.0,5,4.048681869579884,1.1306289691375808,4.370853515603415,1.1662976070987279,1.5260659960672207,0.7269947167029547,6.622140262933337,21.547837932580407,5.985877457429125,3.6777328580175057,6.003605835995064,11.123317748401412,3.840421925128728,6.380561429790441,9.724578511394656,0.283295203999585,10.93353333777991,1.7249771104584166,9.146127382563128,1.0760847220006746,2.680050570805672,1.2570149436222207,0.010376598907664358,9.467940963701831e-05,1.6060282970061632,0.1812764644546492,2.4181079229249627,0.47984042567476,1.099479578732309,0.38205204965984807,0.10629631128019132,0.003164213085006366,122.0,0,117.7884382787067,20.04188642617251,108.54308481970286,0,4.280824129164719,2.5891024196453016,0.31795860438343304,71.3,12.317812430034483,2.2711438152618686,2.9070610240287347,8.690478594709234,17.302927578666498,4.306224491978632,1,3,58.98218756996552
71,146.87896359564718,8.542800326134016,4,6,4.074448380646017,0.0027234479469756,50.0,60,1.0,5,1.0,4,9.0,3,5.0,2,9.0,1,3.0,5,9.0,3,2.0,5,9.901546430202359,0.00020229204332642575,6.7101108714362665,1.6868709421645098,1.7920777687212166,0.9647969006335627,6.622140262933337,21.547837932580407,6.308190856045768,1.4428901942262016,5.955562878386922,4.976775474590032,4.483158146244543,5.415885347697113,9.724578511394656,0.283295203999585,10.93353333777991,1.7249771104584166,9.146127382563128,1.0760847220006746,2.680050570805672,1.2570149436222207,0.010376598907664358,9.467940963701831e-05,1.6060282970061632,0.1812764644546492,2.4181079229249627,0.47984042567476,1.099479578732309,0.38205204965984807,0.10629631128019132,0.003164213085006366,107.0,0,204.9971455658485,21.00617464127299,76.06848612511392,0,4.341204640153626,4.684354810482628,0.1973988656995962,75.8,107.24041419415157,4.486955944783031,4.881753676182224,87.85056776951774,130.86170397147345,21.505568100977854,4,3,31.440414194151572
72,46.32204863689096,8.821139870851344,4,6,33.614691770513815,0.0086468532871178,50.0,30,1.0,5,1.0,4,9.0,3,5.0,2,1.0,1,3.0,5,9.0,3,7.0,5,1.6916232262277666,0.14943337157660852,6.3253652395805915,1.4607998099085564,1.7920777687212166,0.9647969006335627,6.622140262933337,21.547837932580407,4.8423589960707965,4.41446869026911,1.756366659140228,2.721536175068988,4.483158146244543,5.415885347697113,2.719329948589041,0.5527826928135725,10.93353333777991,1.7249771104584166,9.146127382563128,1.0760847220006746,2.680050570805672,1.2570149436222207,0.010376598907664358,9.467940963701831e-05,1.6060282970061632,0.1812764644546492,2.4181079229249627,0.47984042567476,1.099479578732309,0.38205204965984807,0.10629631128019132,0.003164213085006366,124.0,0,98.46183478046565,15.694326183409933,63.751741305465586,0,2.7954503913830435,1.839915963666229,0.7350409291413177,15.37,5.296009145268537,1.1048750345249112,2.574956892807547,2.018847193560106,12.130751116474428,5.055951961457161,0,1,10.073990854731463
73,126.39645508983313,8.103098339639663,4,9,9.196489865017057,0.0105524947202108,50.00000000000001,60,1.0,5,1.0,4,9.0,3,8.0,2,5.0,1,5.0,5,9.0,3,2.0,5,9.52049078744892,0.12265995235227886,4.9192533137832015,1.3756558236588448,1.7920777687212166,0.9647969006335627,4.6,24.3000000001,8.060009629735742,2.0442388723680924,2.71125730480639,7.665239673860322,4.483158146244543,5.415885347697109,9.724578511394656,0.283295203999585,10.93353333777991,1.7249771104584166,9.146127382563128,1.0760847220006746,2.680050570805672,1.2570149436222207,0.010376598907664358,9.467940963701831e-05,1.6060282970061632,0.1812764644546492,2.4181079229249627,0.47984042567476,1.099479578732309,0.38205204965984807,0.10629631128019132,0.003164213085006366,119.0,0,179.39885621739836,20.07553725348831,74.5117185796622,0,4.607168188650764,4.09403631383104,0.30300248772401916,99.19999999999996,58.98150794675563,3.791033826107021,4.397038801555059,43.30217735668482,80.21003323607145,18.453927939693315,4,3,40.21849205324433
74,34.51627808008077,8.045771006113402,4,9,11.390608328422513,0.043494871855544,50.0,60,2.0,5,1.0,4,9.0,3,8.0,2,5.0,1,5.0,5,9.0,3,2.0,5,3.6270929715653017,0.9554873588392286,5.027672606939016,0.9308357627870141,1.7920777687212166,0.9647969006335627,4.6,24.3000000001,6.696900491773756,3.0461760176030603,6.532458081167354,7.075857669689783,4.483158146244543,5.415885347697113,9.724578511394656,0.283295203999585,10.93353333777991,1.7249771104584166,9.146127382563128,1.0760847220006746,2.680050570805672,1.2570149436222207,0.010376598907664358,9.467940963701831e-05,1.6060282970061632,0.1812764644546492,2.4181079229249627,0.47984042567476,1.099479578732309,0.38205204965984807,0.10629631128019132,0.003164213085006366,124.0,0,123.00569541549689,18.582742386754443,85.4452519174421,0,3.732178378509084,3.06290475707548,0.7592240584132026,40.769999999999996,20.389598598623504,2.3036806986622773,3.822128815488683,9.010962060633672,44.7013946750765,17.845216307221413,1,2,20.380401401376492
75,172.55001968459416,8.416369108104318,4,6,3.259147501011423,0.0023182302646989,50.0,60,1.0,5,1.0,4,9.0,3,5.0,2,9.0,1,3.0,5,9.0,3,2.0,5,9.691711903023586,0.038149817615382595,6.618344724186054,1.6505330847747026,1.7920777687212166,0.9647969006335627,6.622140262933337,21.547837932580407,2.6401665965787915,0.44583557065818097,6.3212843503481775,5.32395236393843,4.483158146244543,5.415885347697113,9.724578511394656,0.283295203999585,10.93353333777991,1.7249771104584166,9.146127382563128,1.0760847220006746,2.680050570805672,1.2570149436222207,0.010376598907664358,9.467940963701831e-05,1.6060282970061632,0.1812764644546492,2.4181079229249627,0.47984042567476,1.099479578732309,0.38205204965984807,0.10629631128019132,0.003164213085006366,107.0,0,196.85701112948888,20.73669662261742,76.06848612511392,0,4.777441406928545,4.326596875477072,0.3083009754622501,117.80000000000001,74.68627797188499,4.018295900014822,4.634897850939321,54.606266404062005,102.01739432768292,23.70556396181046,4,4,43.11372202811502
76,169.33722013050993,8.325335359117075,4,6,6.086621522701776,0.0023622434103821,50.0,60,1.0,5,1.0,4,9.0,3,5.0,2,5.0,1,3.0,5,9.0,3,2.0,5,9.737530525740588,0.02798589612524609,5.817060126914483,1.8925073057889277,1.7920777687212166,0.9647969006335627,6.622140262933337,21.547837932580407,9.372807902176946,1.1830497676058822,6.281561127179665,5.286243380157468,4.483158146244543,5.415885347697113,9.724578511394656,0.283295203999585,10.93353333777991,1.7249771104584166,9.146127382563128,1.0760847220006746,2.680050570805672,1.2570149436222207,0.010376598907664358,9.467940963701831e-05,1.6060282970061632,0.1812764644546492,2.4181079229249627,0.47984042567476,1.099479578732309,0.38205204965984807,0.10629631128019132,0.003164213085006366,103.0,0,200.74607698184002,21.353045771404712,69.64437293708927,0,4.276666119016055,4.185496646717601,0.27555987176648333,71.0,64.72613548158967,3.9099367749511176,4.461056518484084,48.895797209461264,85.57893303536862,18.34156791295368,4,3,6.273864518410335
77,19.78041993236601,7.973388173750547,3,6,2.188880129226894,0.0203767992275695,39.99999999999999,60,4.0,5,1.0,4,7.0,3,5.0,2,9.0,1,5.0,5,7.0,3,2.0,5,3.969277000613085,1.1304818420696972,5.107400443874284,0.8490741399668638,1.5260659960672207,0.7269947167029547,6.622140262933337,21.547837932580407,3.4861158310071265,6.020173723770762,5.462115301303308,12.459547653517582,3.84042192512872,6.380561429790427,9.724578511394656,0.283295203999585,10.93353333777991,1.7249771104584166,9.146127382563128,1.0760847220006746,2.680050570805672,1.2570149436222207,0.010376598907664358,9.467940963701831e-05,1.6060282970061632,0.1812764644546492,2.4181079229249627,0.47984042567476,1.099479578732309,0.38205204965984807,0.10629631128019132,0.003164213085006366,120.0,0,118.33274406594622,19.70079464497481,106.14624168522761,0,4.3247946887187485,2.7551212650915122,0.5953366811756777,74.55,14.722947431862718,2.1597845839158345,3.35045794626719,7.6692699571174865,27.515789353422736,9.923259698152625,1,3,59.827052568137276
78,122.53088044700706,8.051880967063527,3,6,10.424259050057715,0.0032650687834802,40.0,60,1.0,5,1.0,4,7.0,3,5.0,2,5.0,1,3.0,5,8.0,3,2.0,5,8.876390988411703,0.36533622609473726,5.016117252683463,0.9782447915100079,1.5260659960672207,0.7269947167029547,6.622140262933337,21.547837932580407,7.030910548751971,2.98967317125139,5.466733347408828,4.512732947700636,3.840421925128728,6.380561429790441,9.724578511394656,0.283295203999585,10.93353333777991,1.7249771104584166,9.146127382563128,1.0760847220006746,2.680050570805672,1.2570149436222207,0.010376598907664358,9.467940963701831e-05,1.6060282970061632,0.1812764644546492,2.4181079229249627,0.47984042567476,1.099479578732309,0.38205204965984807,0.10629631128019132,0.003164213085006366,94.0,0,176.8541583069628,19.17545252213911,63.18479221674562,0,3.877431560658527,4.023854322672177,0.2901805824746213,47.29999999999999,54.91621013626205,3.7336737401975557,4.314034905146798,40.83250798210042,73.74145603080873,16.45447402435416,4,2,7.616210136262062
79,135.27704970653593,8.883041385785802,4,9,9.649763927434169,0.0110891783980257,50.0,60,1.0,5,1.0,4,9.0,3,8.0,2,5.0,1,5.0,5,9.0,3,2.0,5,9.971930686687278,0.002041240524290865,6.346229806663733,1.5584102565392632,1.7920777687212166,0.9647969006335627,4.6,24.3000000001,7.610034312748806,2.4944753247892124,2.9801820955501435,9.05752939305024,4.483158146244543,5.415885347697113,9.724578511394656,0.283295203999585,10.93353333777991,1.7249771104584166,9.146127382563128,1.0760847220006746,2.680050570805672,1.2570149436222207,0.010376598907664358,9.467940963701831e-05,1.6060282970061632,0.1812764644546492,2.4181079229249627,0.47984042567476,1.099479578732309,0.38205204965984807,0.10629631128019132,0.003164213085006366,119.0,0,197.31361425666654,21.09816031961024,74.5117185796622,0,4.607168188650764,4.175632987783066,0.2733577566683083,99.19999999999996,64.08102211755585,3.902275231114758,4.4489907444513745,48.5149790621654,84.54056812885108,18.012794533342838,4,3,35.11897788244411
80,72.57884638379085,7.175223560761801,3,6,1.7159305202938553,0.0055112787755459,40.0,60,1.0,5,1.0,4,7.0,3,5.0,2,10.0,1,3.0,5,8.0,3,2.0,5,2.409673697329753,0.3461172550007535,2.8194575044429637,0.37733420181179567,1.5260659960672207,0.7269947167029547,6.622140262933337,21.547837932580407,5.1522653896269865,10.054784528065248,3.439459463364937,2.5882557297095503,3.840421925128728,6.380561429790441,9.724578511394656,0.283295203999585,10.93353333777991,1.7249771104584166,9.146127382563128,1.0760847220006746,2.680050570805672,1.2570149436222207,0.010376598907664358,9.467940963701831e-05,1.6060282970061632,0.1812764644546492,2.4181079229249627,0.47984042567476,1.099479578732309,0.38205204965984807,0.10629631128019132,0.003164213085006366,99.0,0,78.1398350188301,12.840325415000224,71.21493370177645,0,3.6428355156125294,2.024536898150078,0.5448451333161062,37.199999999999996,6.572603245916744,1.479691764833972,2.5693820314661844,3.391591829240514,12.057752666869769,4.333080418814627,0,2,30.62739675408325
81,133.80109164524976,8.708688767891775,4,6,12.656208716093786,0.0066001847466982,50.0,60,1.0,5,1.0,4,9.0,3,5.0,2,3.0,1,3.0,5,9.0,3,2.0,5,9.96999920905565,0.0020352216660655164,6.4945720563157945,1.5304167078362934,1.7920777687212166,0.9647969006335627,6.622140262933337,21.547837932580407,6.009088580788255,3.655439808206287,2.4566881974129062,1.6553176956792193,4.483158146244543,5.415885347697113,9.724578511394656,0.283295203999585,10.93353333777991,1.7249771104584166,9.146127382563128,1.0760847220006746,2.680050570805672,1.2570149436222207,0.010376598907664358,9.467940963701831e-05,1.6060282970061632,0.1812764644546492,2.4181079229249627,0.47984042567476,1.099479578732309,0.38205204965984807,0.10629631128019132,0.003164213085006366,101.0,0,194.83320754137878,19.979211860257436,66.43231634307695,0,5.5479080878770946,4.182586052021804,0.26299696543130446,255.69999999999996,64.53511147187241,3.9195890865905,4.445583017453108,49.37973881393192,84.24956533603647,17.434913261052273,4,4,191.16488852812756
82,70.95736786655954,7.133015317996373,3,6,5.5035288422511695,0.0056372954010942,40.0,60,1.0,5,1.0,4,7.0,3,5.0,2,9.0,1,3.0,5,8.0,3,2.0,5,2.229899466590058,0.252453795365329,2.617849146287852,0.41814303785032514,1.5260659960672207,0.7269947167029547,6.622140262933337,21.547837932580407,8.961127375381984,1.4611706745766664,3.3257255672324266,2.4802889208125825,3.840421925128728,6.380561429790441,9.724578511394656,0.283295203999585,10.93353333777991,1.7249771104584166,9.146127382563128,1.0760847220006746,2.680050570805672,1.2570149436222207,0.010376598907664358,9.467940963701831e-05,1.6060282970061632,0.1812764644546492,2.4181079229249627,0.47984042567476,1.099479578732309,0.38205204965984807,0.10629631128019132,0.003164213085006366,98.0,0,80.17245104185832,11.876490163358701,69.60890540477028,0,3.1135153092103742,2.8942211814239878,0.4988100479307571,21.499999999999996,17.069423157342076,2.395411133493231,3.3930312293547447,9.972708379771316,28.756013004138076,9.39165231218338,0,1,4.430576842657921
83,106.68564787235798,8.697899477999384,4,6,5.764079171880786,0.0037493959571743,50.0,60,1.0,5,1.0,4,9.0,3,5.0,2,9.0,1,3.0,5,9.0,3,2.0,5,8.73208779374618,0.4526225356082649,6.519090081966663,1.5469723116409997,1.7920777687212166,0.9647969006335627,6.622140262933337,21.547837932580407,9.286303973490766,1.3919172678029352,5.0296131164281626,4.097777705260843,4.483158146244543,5.415885347697113,9.724578511394656,0.283295203999585,10.93353333777991,1.7249771104584166,9.146127382563128,1.0760847220006746,2.680050570805672,1.2570149436222207,0.010376598907664358,9.467940963701831e-05,1.6060282970061632,0.1812764644546492,2.4181079229249627,0.47984042567476,1.099479578732309,0.38205204965984807,0.10629631128019132,0.003164213085006366,107.0,0,193.0076175864724,21.014234079851875,76.06848612511392,0,4.280824129164719,4.337823618270177,0.27564288445024365,71.3,75.54077598731995,4.0621807338199325,4.613466502720421,57.10087557139349,99.83308265367306,21.366103541139786,4,3,4.2407759873199495
84,108.76766904255678,8.724654106515713,4,6,3.511261619256352,0.0036776369882104,50.0,20,1.0,5,1.0,4,9.0,3,5.0,2,9.0,1,3.0,5,9.0,3,4.0,5,8.715414500280641,0.47128567691567064,6.458291764859123,1.5059187266436413,1.7920777687212166,0.9647969006335627,6.622140262933337,21.547837932580407,3.774423562290628,0.754153093111416,5.094377801938553,4.159258377791623,4.483158146244543,5.415885347697113,1.0,1e-10,10.93353333777991,1.7249771104584166,9.146127382563128,1.0760847220006746,2.680050570805672,1.2570149436222207,0.010376598907664358,9.467940963701831e-05,1.6060282970061632,0.1812764644546492,2.4181079229249627,0.47984042567476,1.099479578732309,0.38205204965984807,0.10629631128019132,0.003164213085006366,117.0,0,182.64623199942667,20.60883121692241,76.2810787476743,0,4.643621372362344,4.174759602708443,0.1863125877491396,102.92,64.02420613892264,3.9884470149593034,4.361072190457582,52.97100807881733,77.34108597383371,12.185038947508193,4,4,38.895793861077365
85,106.82698743957182,8.697253781803614,4,6,6.439427142467084,0.0037444345070815,50.0,60,1.0,5,1.0,4,9.0,3,5.0,2,5.0,1,3.0,5,9.0,3,2.0,5,8.730955914725842,0.45388949694035724,6.520557388531641,1.5479630988477566,1.7920777687212166,0.9647969006335627,6.622140262933337,21.547837932580407,9.438271576144663,0.9432246889600261,5.0340909783536505,4.102028508928141,4.483158146244543,5.415885347697113,9.724578511394656,0.283295203999585,10.93353333777991,1.7249771104584166,9.146127382563128,1.0760847220006746,2.680050570805672,1.2570149436222207,0.010376598907664358,9.467940963701831e-05,1.6060282970061632,0.1812764644546492,2.4181079229249627,0.47984042567476,1.099479578732309,0.38205204965984807,0.10629631128019132,0.003164213085006366,103.0,0,193.2635545457119,21.005328959113676,69.64437293708927,0,4.027135812528651,4.272144823153559,0.2859725961991808,55.100000000000016,70.67520150624041,3.986172226954378,4.558117419352739,52.8483750120226,94.40370549367864,20.77766524082802,4,3,15.575201506240397
86,124.31299509541604,8.866812660113899,4,6,4.279296121668055,0.0073647472406356,50.00000000000001,60,1.0,5,1.0,4,9.0,3,5.0,2,9.0,1,3.0,5,9.0,3,2.0,5,9.161266224352334,0.2564514738155214,6.3407597412571945,1.532819717070901,1.7920777687212166,0.9647969006335627,6.622140262933337,21.547837932580407,7.229797225344183,1.693404320256614,1.7666469358417478,1.0002662505737536,4.483158146244543,5.415885347697109,9.724578511394656,0.283295203999585,10.93353333777991,1.7249771104584166,9.146127382563128,1.0760847220006746,2.680050570805672,1.2570149436222207,0.010376598907664358,9.467940963701831e-05,1.6060282970061632,0.1812764644546492,2.4181079229249627,0.47984042567476,1.099479578732309,0.38205204965984807,0.10629631128019132,0.003164213085006366,107.0,0,184.87600984903642,19.839611032579327,76.06848612511392,0,3.927896354584436,4.482302017237053,0.34214633716051646,49.8,87.43802438282262,4.140155680076537,4.824448354397569,61.81259935834472,123.51775975893699,30.852580200296135,4,2,37.63802438282262
87,110.39725297322596,8.682941545805601,4,6,3.119373465078926,0.0036233474787555,50.0,20,1.0,5,1.0,4,9.0,3,5.0,2,9.0,1,3.0,5,9.0,3,4.0,5,8.702364425914597,0.48589319176983164,6.553081101660157,1.5699244800976608,1.7920777687212166,0.9647969006335627,6.622140262933337,21.547837932580407,2.011325677292908,0.27490192853612294,5.143375760759962,4.205771804626567,4.483158146244543,5.415885347697113,1.0,1e-10,10.93353333777991,1.7249771104584166,9.146127382563128,1.0760847220006746,2.680050570805672,1.2570149436222207,0.010376598907664358,9.467940963701831e-05,1.6060282970061632,0.1812764644546492,2.4181079229249627,0.47984042567476,1.099479578732309,0.38205204965984807,0.10629631128019132,0.003164213085006366,117.0,0,180.65740118391113,20.740944252745468,76.2810787476743,0,4.096009841541162,4.202786352500983,0.27781417317471213,59.09999999999999,65.87240177514619,3.9249721793262706,4.480600525675695,49.65166887568287,87.28767577534799,18.81800344983256,4,3,6.7724017751462
88,22.93075464163652,9.283186825418351,2,6,9.048914043597398,0.017453572683663,0.050000000745058,60,3.0,5,1.0,4,3.0,3,5.0,2,5.0,1,5.0,5,2.0,3,2.0,5,3.7874739819393746,1.0982430124598137,7.255870966505406,2.6500337725049268,1.9567948333695546,1.120898093680396,6.622140262933337,21.547837932580407,8.206511453971629,1.897652028318814,5.021440309714482,14.632727598605403,5.162023171261571,11.417202873834851,9.724578511394656,0.283295203999585,10.93353333777991,1.7249771104584166,9.146127382563128,1.0760847220006746,2.680050570805672,1.2570149436222207,0.010376598907664358,9.467940963701831e-05,1.6060282970061632,0.1812764644546492,2.4181079229249627,0.47984042567476,1.099479578732309,0.38205204965984807,0.10629631128019132,0.003164213085006366,84.0,0,145.1181176806084,24.21327373071969,72.57099498253882,0,1.2809338454620642,3.9945674495112575,0.39203583170809164,2.5999999999999996,53.30234703634738,3.602531617803166,4.386603281219349,35.69100456525808,79.36697083099239,21.83798313286715,2,0,50.702347036347376
89,23.489237086382406,9.276767748457551,2,6,8.250896056095826,0.0170347050014192,0.050000000745058,60,2.0,5,1.0,4,3.0,3,5.0,2,5.0,1,5.0,5,2.0,3,2.0,5,3.7552444559679623,1.0925278037477708,7.242806053438247,2.6216238699569883,1.9567948333695546,1.120898093680396,6.622140262933337,21.547837932580407,8.873224003968192,1.1959279708581112,4.958296208640828,14.944121475551109,5.162023171261571,11.417202873834851,9.724578511394656,0.283295203999585,10.93353333777991,1.7249771104584166,9.146127382563128,1.0760847220006746,2.680050570805672,1.2570149436222207,0.010376598907664358,9.467940963701831e-05,1.6060282970061632,0.1812764644546492,2.4181079229249627,0.47984042567476,1.099479578732309,0.38205204965984807,0.10629631128019132,0.003164213085006366,79.0,0,145.56431169495622,24.173795623232735,61.63746164475892,0,4.8892206722058225,2.5411470867627513,0.5237273894943946,131.85,11.694223998757657,2.0174196972683567,3.064874476257146,6.518898846614494,20.43177162214281,6.956436387764159,2,4,120.15577600124234
90,31.332098441105213,9.036342285363634,8,6,7.334120131888377,0.012769949801361,5.000000000000001,60,2.0,5,1.0,4,6.0,3,5.0,2,5.0,1,5.0,5,5.0,3,2.0,5,3.6561928334186153,1.057883543528264,6.571431867880804,1.8419489439727563,9.225056591344039,0.308330671856916,6.622140262933337,21.547837932580407,9.517526698664957,0.47791730847837366,3.8223934699864692,13.417864618261323,7.307222673807168,6.090605596630478,9.724578511394656,0.283295203999585,10.93353333777991,1.7249771104584166,9.146127382563128,1.0760847220006746,2.680050570805672,1.2570149436222207,0.010376598907664358,9.467940963701831e-05,1.6060282970061632,0.1812764644546492,2.4181079229249627,0.47984042567476,1.099479578732309,0.38205204965984807,0.10629631128019132,0.003164213085006366,97.0,0,158.466798721267,24.299258157662408,72.97605209337286,0,4.278054044290903,2.9956132447910475,0.46753396153240345,71.10000000000001,18.997619566413974,2.528079283258644,3.463147206323451,11.529417548351786,30.917268841888784,9.693925646768498,2,3,52.102380433586035
91,32.73108916181363,9.2378850650151,8,6,5.152728456804839,0.0122208202454488,5.0,60,2.0,5,1.0,4,6.0,3,5.0,2,9.0,1,5.0,5,5.0,3,2.0,5,3.6434076135747437,1.0128950917265958,7.163667123947947,2.449534758991603,9.225056591344039,0.308330671856916,6.622140262933337,21.547837932580407,8.523315317662293,1.5544122445421757,3.5472322213415453,11.99328722415699,7.307222673807168,6.090605596630478,9.724578511394656,0.283295203999585,10.93353333777991,1.7249771104584166,9.146127382563128,1.0760847220006746,2.680050570805672,1.2570149436222207,0.010376598907664358,9.467940963701831e-05,1.6060282970061632,0.1812764644546492,2.4181079229249627,0.47984042567476,1.099479578732309,0.38205204965984807,0.10629631128019132,0.003164213085006366,101.0,0,161.4815689797821,25.193572652924907,79.4001652813975,0,3.299533727885655,3.8889672774469877,0.3923310688391968,26.099999999999998,47.86040122127317,3.496636208607791,4.281298346286184,32.004245628751406,71.33429402864704,19.665024199947815,2,2,21.760401221273174
92,21.67436244832269,8.216225821273593,3,6,5.332740173596052,0.0184845167265771,40.00000000000001,60,4.0,5,1.0,4,7.0,3,5.0,2,9.0,1,5.0,5,8.0,3,2.0,5,3.859979259778703,1.1111002538583987,4.733797443674775,2.227341565099972,1.5260659960672207,0.7269947167029547,6.622140262933337,21.547837932580407,8.747976701776059,1.5065657318753098,5.176854626947862,13.866304988206329,3.840421925128736,6.380561429790454,9.724578511394656,0.283295203999585,10.93353333777991,1.7249771104584166,9.146127382563128,1.0760847220006746,2.680050570805672,1.2570149436222207,0.010376598907664358,9.467940963701831e-05,1.6060282970061632,0.1812764644546492,2.4181079229249627,0.47984042567476,1.099479578732309,0.38205204965984807,0.10629631128019132,0.003164213085006366,123.0,0,121.4816192990636,22.41568709790891,107.24572126395992,0,4.688959711717774,2.940131818412916,0.8681976994494829,107.73999999999995,17.91833993344387,2.0719341189634335,3.808329517862399,6.940165500737668,44.07507882601271,18.567456662637518,1,4,89.82166006655608
93,9.076052358384583,8.190700190516337,3,6,4.947003443111723,0.0440743499089356,40.0,60,9.0,5,1.0,4,7.0,3,5.0,2,9.0,1,5.0,5,8.0,3,2.0,5,4.122226353309448,1.1015533450309951,4.753577881716592,2.0553849902281582,1.5260659960672207,0.7269947167029547,6.622140262933337,21.547837932580407,8.266562773178059,1.609093265583576,6.310057187169857,7.30806637803694,3.840421925128728,6.380561429790441,9.724578511394656,0.283295203999585,10.93353333777991,1.7249771104584166,9.146127382563128,1.0760847220006746,2.680050570805672,1.2570149436222207,0.010376598907664358,9.467940963701831e-05,1.6060282970061632,0.1812764644546492,2.4181079229249627,0.47984042567476,1.099479578732309,0.38205204965984807,0.10629631128019132,0.003164213085006366,148.0,0,126.49686274218159,21.387571911935563,161.91338795285947,0,0.9360933591703348,3.311778316199354,0.4664974114022984,1.55,26.43386821130742,2.8452809047970558,3.7782757276016525,16.206391348001965,42.74055604185586,13.267082346926948,1,0,24.88386821130742
94,107.67656722791912,8.638465875811171,4,6,5.4790259321741,0.0097128265403204,50.0,60,1.0,5,1.0,4,9.0,3,5.0,2,9.0,1,3.0,5,9.0,3,2.0,5,8.724152288837564,0.4615050908011668,6.654149441526709,1.63817008094076,1.7920777687212166,0.9647969006335627,6.622140262933337,21.547837932580407,8.93054682323318,1.4676834661786562,2.2905111578570625,5.4869334895691795,4.483158146244543,5.415885347697113,9.724578511394656,0.283295203999585,10.93353333777991,1.7249771104584166,9.146127382563128,1.0760847220006746,2.680050570805672,1.2570149436222207,0.010376598907664358,9.467940963701831e-05,1.6060282970061632,0.1812764644546492,2.4181079229249627,0.47984042567476,1.099479578732309,0.38205204965984807,0.10629631128019132,0.003164213085006366,107.0,0,186.96132438784952,21.201098559314406,76.06848612511392,0,4.875197323201151,4.191940707306289,0.1800136927777367,129.99999999999994,65.15104628597759,4.011927014528553,4.371954400084025,54.25324184082581,78.19826563907091,11.972511899122551,4,4,64.84895371402236
95,22.59064306527837,9.149413365807655,2,6,8.426121105483183,0.0177155220635088,1.730555555387586,60,3.0,5,1.0,4,3.0,3,5.0,2,5.0,1,5.0,5,3.0,3,2.0,5,3.8071015190026043,1.1017235312524019,6.954549640769402,2.1033591534333596,1.9567948333695546,1.120898093680396,6.622140262933337,21.547837932580407,8.750077258381205,1.333162654333143,5.0609290523851005,14.4379896505337,6.667106386205655,8.474207058879207,9.724578511394656,0.283295203999585,10.93353333777991,1.7249771104584166,9.146127382563128,1.0760847220006746,2.680050570805672,1.2570149436222207,0.010376598907664358,9.467940963701831e-05,1.6060282970061632,0.1812764644546492,2.4181079229249627,0.47984042567476,1.099479578732309,0.38205204965984807,0.10629631128019132,0.003164213085006366,87.0,0,145.20007114697208,23.219160673404442,73.67047456127113,0,4.194189897191817,2.624099421250298,0.5890648495165338,65.29999999999998,12.792147676271632,2.035034571733764,3.213164270766832,6.652516681674873,23.857618145361776,8.60255073184345,2,3,52.50785232372835
96,15.715913811012182,9.068876529401416,8,6,4.745337769172023,0.0254593098497404,5.0,40,7.0,5,1.0,4,6.0,3,5.0,2,9.0,1,5.0,5,5.0,3,9.0,5,4.314886451839584,1.089062219026636,6.681667368146853,1.9171652018802725,9.225056591344039,0.308330671856916,6.622140262933337,21.547837932580407,8.014876437182068,1.6626953276861185,8.249020517961346,5.819598932660719,7.307222673807168,6.090605596630478,2.836832823356769,0.5281315141242494,10.93353333777991,1.7249771104584166,9.146127382563128,1.0760847220006746,2.680050570805672,1.2570149436222207,0.010376598907664358,9.467940963701831e-05,1.6060282970061632,0.1812764644546492,2.4181079229249627,0.47984042567476,1.099479578732309,0.38205204965984807,0.10629631128019132,0.003164213085006366,161.0,0,174.23549642159173,24.296564162392638,134.8119061492584,0,3.058941786951875,3.6257574318285206,0.43265157019087397,20.304999999999996,36.55315634601934,3.1931058616376466,4.058409002019395,23.36398120716253,56.88214740265808,16.759083097747773,4,1,16.248156346019346
97,14.718804428834655,9.26341551707161,8,6,23.35430149873933,0.0271962291839069,5.0,60,7.0,5,1.0,4,6.0,3,5.0,2,1.0,1,5.0,5,5.0,3,2.0,5,4.404876105561557,1.0750107048976174,7.215629912168211,2.562528832650433,9.225056591344039,0.308330671856916,6.622140262933337,21.547837932580407,4.769756889861552,3.975423655554587,8.987353359042132,4.030965271356855,7.307222673807168,6.090605596630478,9.724578511394656,0.283295203999585,10.93353333777991,1.7249771104584166,9.146127382563128,1.0760847220006746,2.680050570805672,1.2570149436222207,0.010376598907664358,9.467940963701831e-05,1.6060282970061632,0.1812764644546492,2.4181079229249627,0.47984042567476,1.099479578732309,0.38205204965984807,0.10629631128019132,0.003164213085006366,118.0,0,177.40884737803597,25.423046945968263,121.21960559424774,0,3.632309102625542,3.575844437501739,0.39452468976355326,36.800000000000004,34.724775422131366,3.1813197477381854,3.9703691272652923,23.07851015141632,52.00409248479398,14.46279116668883,4,2,2.0752245778686387
98,15.08763198474044,9.33717266628568,8,6,18.541851335114288,0.0265320693919994,5.0,60,7.0,5,1.0,4,6.0,3,5.0,2,1.0,1,5.0,5,5.0,3,2.0,5,4.3715892218632,1.0802083148144588,7.3657497422385,2.8889672651823934,9.225056591344039,0.308330671856916,6.622140262933337,21.547837932580407,4.816475566714114,3.438706811918209,8.850016401629535,4.4000334501715725,7.307222673807168,6.090605596630478,9.724578511394656,0.283295203999585,10.93353333777991,1.7249771104584166,9.146127382563128,1.0760847220006746,2.680050570805672,1.2570149436222207,0.010376598907664358,9.467940963701831e-05,1.6060282970061632,0.1812764644546492,2.4181079229249627,0.47984042567476,1.099479578732309,0.38205204965984807,0.10629631128019132,0.003164213085006366,118.0,0,178.1608551460749,25.99597460256655,121.21960559424774,0,5.205104984825858,3.2634053289105545,0.28977715822991557,181.19999999999996,25.138395594715597,2.973628170680639,3.55318248714047,18.562768054650466,33.924286908540715,7.680759426945125,4,4,156.06160440528436
99,15.383361570085858,9.343672152110912,8,6,12.94353403105531,0.0260203061746412,5.0,60,7.0,5,1.0,4,6.0,3,5.0,2,3.0,1,5.0,5,5.0,3,2.0,5,4.344899469007341,1.084375809896869,7.37897831354345,2.9177330456885606,9.225056591344039,0.308330671856916,6.622140262933337,21.547837932580407,5.8430372880474755,3.81492324565187,8.563309479034938,5.0772415009519705,7.307222673807168,6.090605596630478,9.724578511394656,0.283295203999585,10.93353333777991,1.7249771104584166,9.146127382563128,1.0760847220006746,2.680050570805672,1.2570149436222207,0.010376598907664358,9.467940963701831e-05,1.6060282970061632,0.1812764644546492,2.4181079229249627,0.47984042567476,1.099479578732309,0.38205204965984807,0.10629631128019132,0.003164213085006366,120.0,0,178.94543093369396,26.134689626574946,124.43166218826006,0,3.246490991901174,4.108976370436991,0.35180357901758796,24.700000000000003,59.88436262737542,3.7571727914194026,4.460779949454579,41.8271733043789,85.55499129480798,21.863908995214537,4,1,35.184362627375414
100,128.51253648040955,9.05379066436748,4,6,5.695051588399835,0.0031126384446266,50.0,60,1.0,5,1.0,4,9.0,3,5.0,2,9.0,1,3.0,5,9.0,3,2.0,5,9.830034567871369,0.010642112358967625,6.630552060932986,1.882288033262712,1.7920777687212166,0.9647969006335627,6.622140262933337,21.547837932580407,9.200154956508467,1.4102645687800996,5.60430643549294,4.643330138297514,4.483158146244543,5.415885347697113,9.724578511394656,0.283295203999585,10.93353333777991,1.7249771104584166,9.146127382563128,1.0760847220006746,2.680050570805672,1.2570149436222207,0.010376598907664358,9.467940963701831e-05,1.6060282970061632,0.1812764644546492,2.4181079229249627,0.47984042567476,1.099479578732309,0.38205204965984807,0.10629631128019132,0.003164213085006366,107.0,0,207.2828134114664,21.434227275931516,76.06848612511392,0,4.962844630259907,4.236968362228524,0.34669332160036936,141.99999999999994,68.1977510092058,3.890275040628154,4.583661683828893,47.92434085484397,96.87211561906928,24.473887382112654,4,4,73.80224899079414
101,9.780129688494185,8.353125305201065,3,6,17.647773461520014,0.0409032756317806,40.0,60,8.0,5,1.0,4,7.0,3,5.0,2,3.0,1,5.0,5,8.0,3,2.0,5,4.17983163886182,1.095249780184234,6.092964618465111,1.8072257969745946,1.5260659960672207,0.7269947167029547,6.622140262933337,21.547837932580407,4.7179097063993485,3.4355612970868172,7.527100265926709,6.037352055619891,3.840421925128728,6.380561429790441,9.724578511394656,0.283295203999585,10.93353333777991,1.7249771104584166,9.146127382563128,1.0760847220006746,2.680050570805672,1.2570149436222207,0.010376598907664358,9.467940963701831e-05,1.6060282970061632,0.1812764644546492,2.4181079229249627,0.47984042567476,1.099479578732309,0.38205204965984807,0.10629631128019132,0.003164213085006366,137.0,0,136.6205980307969,21.19864667427818,141.34368483304257,0,3.3474449256629084,3.210354548882023,0.3290952838140473,27.43,23.787873179516655,2.8812592650679756,3.5394498326960706,16.836720201947934,33.447961834188476,8.305620816120271,2,2,3.6421268204833446
102,9.803755792307182,8.366399418211582,3,6,17.543562911639754,0.0408048206635298,40.0,60,8.0,5,1.0,4,7.0,3,5.0,2,3.0,1,5.0,5,8.0,3,2.0,5,4.181764648772004,1.0950382570019177,6.224752833882423,1.7664903316272524,1.5260659960672207,0.7269947167029547,6.622140262933337,21.547837932580407,4.706421218868022,3.435194667020335,7.5648868099197335,5.9978991360933085,3.840421925128728,6.380561429790441,9.724578511394656,0.283295203999585,10.93353333777991,1.7249771104584166,9.146127382563128,1.0760847220006746,2.680050570805672,1.2570149436222207,0.010376598907664358,9.467940963701831e-05,1.6060282970061632,0.1812764644546492,2.4181079229249627,0.47984042567476,1.099479578732309,0.38205204965984807,0.10629631128019132,0.003164213085006366,137.0,0,137.92000557016394,21.160029408500243,141.34368483304257,0,3.1970391302590264,3.125811302694629,0.35221355307087765,23.460000000000004,21.7783677501904,2.773597749623751,3.478024855765507,15.016152585973842,31.395672717135632,8.189760065580895,2,1,1.6816322498096028
103,14.824499311114376,8.439860363986845,3,6,2.4976881564048163,0.0269832430278858,40.00000000000001,60,7.0,5,1.0,4,7.0,3,5.0,2,9.0,1,5.0,5,8.0,3,2.0,5,4.395337086045196,1.076500183542854,6.635395117910032,1.6572847551253453,1.5260659960672207,0.7269947167029547,6.622140262933337,21.547837932580407,2.398219047792717,3.3858123047695408,9.022182420543606,3.9780350413695986,3.840421925128736,6.380561429790454,9.724578511394656,0.283295203999585,10.93353333777991,1.7249771104584166,9.146127382563128,1.0760847220006746,2.680050570805672,1.2570149436222207,0.010376598907664358,9.467940963701831e-05,1.6060282970061632,0.1812764644546492,2.4181079229249627,0.47984042567476,1.099479578732309,0.38205204965984807,0.10629631128019132,0.003164213085006366,138.0,0,143.82775363163984,21.02204069425193,140.04632127729965,0,3.501344330267094,3.4308371026586206,0.46679079823406955,32.16,29.90250049069399,2.964046304424551,3.89762790089269,18.376215416082726,48.285400480462165,14.95459253218972,2,2,2.257499509306008
104,31.304783726196693,9.286084328905432,9,6,26.80209226996564,0.0127806126862279,2.0,60,2.0,5,1.0,4,6.0,3,5.0,2,1.0,1,5.0,5,4.0,3,2.0,5,3.656442459545443,1.0587619244331181,7.26176833016091,2.662857702207432,9.09996886432829,0.14026651050520966,6.622140262933337,21.547837932580407,4.740927319065399,4.529150607828994,3.827736494565176,13.44552676933984,6.599447599023525,8.253061810169577,9.724578511394656,0.283295203999585,10.93353333777991,1.7249771104584166,9.146127382563128,1.0760847220006746,2.680050570805672,1.2570149436222207,0.010376598907664358,9.467940963701831e-05,1.6060282970061632,0.1812764644546492,2.4181079229249627,0.47984042567476,1.099479578732309,0.38205204965984807,0.10629631128019132,0.003164213085006366,90.0,0,156.01157380540602,25.740208874832593,65.4524593266159,0,3.361532125269724,2.998959192092646,0.46954730499229536,27.833333333333332,19.064642612902446,2.5294118871003506,3.4685064970849413,11.546125428331054,31.088781949715855,9.7713282606924,2,2,8.768690720430886
105,31.78372579639804,9.286305381687082,9,6,24.47799733906211,0.0125918481855435,2.0,60,2.0,5,1.0,4,6.0,3,5.0,2,1.0,1,5.0,5,4.0,3,2.0,5,3.652065461492945,1.0433602052350566,7.262218244594583,2.6638360497211018,9.09996886432829,0.14026651050520966,6.622140262933337,21.547837932580407,4.742132717617396,4.354151817741569,3.7331492061030342,12.955825135928976,6.599447599023525,8.253061810169577,9.724578511394656,0.283295203999585,10.93353333777991,1.7249771104584166,9.146127382563128,1.0760847220006746,2.680050570805672,1.2570149436222207,0.010376598907664358,9.467940963701831e-05,1.6060282970061632,0.1812764644546492,2.4181079229249627,0.47984042567476,1.099479578732309,0.38205204965984807,0.10629631128019132,0.003164213085006366,90.0,0,155.74104635854664,25.633864559778505,65.4524593266159,0,2.4765384001174837,3.717496921379639,0.4157643928781467,10.9,40.161235247166644,3.3017325285014922,4.133261314257785,26.15965305524265,61.38103570861158,17.610691326684464,2,1,29.261235247166645
106,43.51265927991605,9.038125544803776,9,6,6.920105296949113,0.0091940887081275,2.0,20,2.0,5,1.0,4,6.0,3,5.0,2,5.0,1,3.0,5,4.0,3,4.0,5,2.3840040260539865,0.4858006952193153,6.577474070559923,1.8460716800599992,9.09996886432829,0.14026651050520966,6.622140262933337,21.547837932580407,9.527462213213733,0.6164762763959548,2.0305787829033064,4.141199716450532,6.599447599023525,8.253061810169577,1.0,1e-10,10.93353333777991,1.7249771104584166,9.146127382563128,1.0760847220006746,2.680050570805672,1.2570149436222207,0.010376598907664358,9.467940963701831e-05,1.6060282970061632,0.1812764644546492,2.4181079229249627,0.47984042567476,1.099479578732309,0.38205204965984807,0.10629631128019132,0.003164213085006366,94.0,0,138.25488197714603,21.09083695406682,67.252949291351,0,2.174751721484161,3.41190597615528,0.5770152377039197,7.800000000000002,29.32298410119355,2.83489073845136,3.9889212138592,16.028539634136905,52.99660714051837,18.484033753190733,2,0,21.52298410119355
107,174.771956213772,8.984271671845404,4,6,16.055875499550993,0.002288701038122,50.0,60,1.0,5,1.0,4,9.0,3,5.0,2,3.0,1,3.0,5,9.0,3,2.0,5,9.554917973698364,0.062304427540750384,6.395001454324052,1.721566349828521,1.7920777687212166,0.9647969006335627,6.622140262933337,21.547837932580407,4.404430436895332,3.4389183478157963,6.347935389238941,5.34925201268582,4.483158146244543,5.415885347697113,9.724578511394656,0.283295203999585,10.93353333777991,1.7249771104584166,9.146127382563128,1.0760847220006746,2.680050570805672,1.2570149436222207,0.010376598907664358,9.467940963701831e-05,1.6060282970061632,0.1812764644546492,2.4181079229249627,0.47984042567476,1.099479578732309,0.38205204965984807,0.10629631128019132,0.003164213085006366,101.0,0,196.21654688583865,21.010808697382906,66.43231634307695,0,4.143134726391533,3.951701532134656,0.4428933444926515,61.99999999999999,51.02381175502407,3.5088081876420043,4.394594876627307,32.408427470851024,80.0118043383991,23.80168843377404,4,3,10.976188244975923
108,16.524280205227196,6.777144344286362,3,6,2.7271944963725603,0.0242072286624316,44.38271604791789,60,6.0,5,1.0,4,7.0,3,5.0,2,9.0,1,5.0,5,8.0,3,2.0,5,4.24193095347989,1.1004539198899157,3.0366749490727574,0.5190996695290586,1.5260659960672207,0.7269947167029547,6.622140262933337,21.547837932580407,1.5896934040134951,1.4279530711465256,7.547562632994531,7.476457869598956,3.8534219496818647,10.94674022248083,9.724578511394656,0.283295203999585,10.93353333777991,1.7249771104584166,9.146127382563128,1.0760847220006746,2.680050570805672,1.2570149436222207,0.010376598907664358,9.467940963701831e-05,1.6060282970061632,0.1812764644546492,2.4181079229249627,0.47984042567476,1.099479578732309,0.38205204965984807,0.10629631128019132,0.003164213085006366,133.0,0,104.38611789581265,17.84637047137681,129.11278793951976,0,2.3896797998449792,2.8280738314474574,0.2224660643724823,9.909999999999998,15.912852425510593,2.605607767074975,3.0505398958199397,12.539451635564625,20.126747586714274,3.7936479755748245,1,0,6.002852425510595
109,39.43979286433458,8.719963205316327,2,6,21.430722519653905,0.0101509774256997,0.050000000745058,60,2.0,5,1.0,4,3.0,3,5.0,2,1.0,1,5.0,5,2.0,3,2.0,5,3.1840312949275873,0.8305001469615265,6.468951561479596,1.5131166703932861,1.9567948333695546,1.120898093680396,6.622140262933337,21.547837932580407,4.646945793348825,3.8791184965572474,2.510062524957623,6.623604863014517,5.162023171261571,11.417202873834851,9.724578511394656,0.283295203999585,10.93353333777991,1.7249771104584166,9.146127382563128,1.0760847220006746,2.680050570805672,1.2570149436222207,0.010376598907664358,9.467940963701831e-05,1.6060282970061632,0.1812764644546492,2.4181079229249627,0.47984042567476,1.099479578732309,0.38205204965984807,0.10629631128019132,0.003164213085006366,75.0,0,119.53354613175874,19.5243931392451,55.21334845673426,0,3.09489864504849,2.623832768336073,0.6374934460946216,21.085,12.78847045019365,1.9863393222414516,3.261326214430695,6.288802906948513,25.084107333265628,9.397652213158558,1,1,8.296529549806351
110,139.0080476648258,8.258888286411356,3,6,3.691899604653906,0.0028775605497947,40.0,60,1.0,5,1.0,4,7.0,3,5.0,2,9.0,1,3.0,5,8.0,3,2.0,5,9.976813168980716,0.0020564552843433583,5.157359465585717,2.0964194184469656,1.5260659960672207,0.7269947167029547,6.622140262933337,21.547837932580407,4.587110668572703,0.97506042073918,5.816471495123209,4.844736976774467,3.840421925128728,6.380561429790441,9.724578511394656,0.283295203999585,10.93353333777991,1.7249771104584166,9.146127382563128,1.0760847220006746,2.680050570805672,1.2570149436222207,0.010376598907664358,9.467940963701831e-05,1.6060282970061632,0.1812764644546492,2.4181079229249627,0.47984042567476,1.099479578732309,0.38205204965984807,0.10629631128019132,0.003164213085006366,98.0,0,187.0983730009947,21.180958823644215,69.60890540477028,0,5.5154428455366835,3.6470827840112294,0.29573860297759547,247.50000000000003,37.362590691565146,3.351344181033634,3.942821386988825,27.54107223897163,50.56387791762891,11.511402839328639,4,4,210.13740930843488
111,174.7930999098131,9.062668723225295,4,6,5.30928356201305,0.0022884244417628,50.0,30,1.0,5,1.0,4,9.0,3,5.0,2,9.0,1,3.0,5,9.0,3,7.0,5,9.55361625817952,0.06253428006963524,6.660633511679043,1.9028133100754172,1.7920777687212166,0.9647969006335627,6.622140262933337,21.547837932580407,8.718701969448672,1.5128004208346377,6.348185025994814,5.3494889911489825,4.483158146244543,5.415885347697113,2.719329948589041,0.5527826928135725,10.93353333777991,1.7249771104584166,9.146127382563128,1.0760847220006746,2.680050570805672,1.2570149436222207,0.010376598907664358,9.467940963701831e-05,1.6060282970061632,0.1812764644546492,2.4181079229249627,0.47984042567476,1.099479578732309,0.38205204965984807,0.10629631128019132,0.003164213085006366,132.0,0,204.8166328983171,21.572144809982564,76.59996768151488,0,3.9473901492654373,4.38339892693136,0.23108669085255507,50.8,79.10985874250876,4.152312236078805,4.614485617783915,62.580844385910055,99.93589554728986,18.677525580689903,4,3,28.309858742508766
112,90.94050006103768,9.132932828958657,9,6,14.282562957387428,0.0043987859701598,2.0,60,1.0,5,1.0,4,6.0,3,5.0,2,3.0,1,3.0,5,4.0,3,2.0,5,3.150413607371403,1.3863744821884483,6.898708778996416,2.0652576285093733,9.09996886432829,0.14026651050520966,6.622140262933337,21.547837932580407,4.562684970814846,3.6020955622376034,4.443518575608436,3.54140217047292,6.599447599023525,8.253061810169577,9.724578511394656,0.283295203999585,10.93353333777991,1.7249771104584166,9.146127382563128,1.0760847220006746,2.680050570805672,1.2570149436222207,0.010376598907664358,9.467940963701831e-05,1.6060282970061632,0.1812764644546492,2.4181079229249627,0.47984042567476,1.099479578732309,0.38205204965984807,0.10629631128019132,0.003164213085006366,77.0,0,148.36106685182668,24.126708842078568,52.89476673699839,0,2.1400661634962708,3.406314154050272,0.5012618060459773,7.5,29.15389656271658,2.905052348004295,3.907575960096249,17.26619982628902,48.77814140664289,15.755970790176933,2,0,21.65389656271658
113,151.01204416739773,8.914452939877966,3,6,8.090324107429163,0.0026488281112923,40.0,60,1.0,5,1.0,4,7.0,3,5.0,2,5.0,1,3.0,5,8.0,3,2.0,5,9.867958178899723,0.0028938955764358535,6.356817406631773,1.6079420947753253,1.5260659960672207,0.7269947167029547,6.622140262933337,21.547837932580407,8.986072669042027,1.0701694641418429,6.022909584459262,5.040707241561955,3.840421925128728,6.380561429790441,9.724578511394656,0.283295203999585,10.93353333777991,1.7249771104584166,9.146127382563128,1.0760847220006746,2.680050570805672,1.2570149436222207,0.010376598907664358,9.467940963701831e-05,1.6060282970061632,0.1812764644546492,2.4181079229249627,0.47984042567476,1.099479578732309,0.38205204965984807,0.10629631128019132,0.003164213085006366,94.0,0,204.44264548642022,20.79408750693638,63.18479221674562,0,4.812184355372417,3.535816724309478,0.18694643337705608,121.99999999999994,33.32303572760367,3.348870290932422,3.7227631576865337,27.470552028473083,40.378571809221754,6.454009890374335,4,4,88.67696427239628
114,169.26433583982197,8.473093331301191,9,6,9.638553795326514,0.0023631681678458,2.0,60,1.0,5,1.0,4,6.0,3,5.0,2,5.0,1,3.0,5,4.0,3,2.0,5,9.737391583544786,0.02794731685393984,6.659516228341898,1.6668363108702655,9.09996886432829,0.14026651050520966,6.622140262933337,21.547837932580407,7.62116286204569,2.4833403172301916,6.280726505010831,5.285451079046999,6.599447599023525,8.253061810169577,9.724578511394656,0.283295203999585,10.93353333777991,1.7249771104584166,9.146127382563128,1.0760847220006746,2.680050570805672,1.2570149436222207,0.010376598907664358,9.467940963701831e-05,1.6060282970061632,0.1812764644546492,2.4181079229249627,0.47984042567476,1.099479578732309,0.38205204965984807,0.10629631128019132,0.003164213085006366,79.0,0,227.54689370152695,23.512722076896445,56.106823331010716,0,4.174387269895637,4.2892239964930585,0.44787569699002994,63.99999999999998,71.90986822803288,3.8413482995030286,4.7370996934830885,45.58824702246598,113.10278825184575,33.75727061468989,4,3,7.909868228032899
115,156.48714064029846,9.299440644334467,4,6,7.758818126885249,0.0025561205687124,50.0,60,1.0,5,1.0,4,9.0,3,5.0,2,5.0,1,3.0,5,9.0,3,2.0,5,9.76209469327781,0.015196144321480105,7.2889527837892985,2.7219708148957027,1.7920777687212166,0.9647969006335627,6.622140262933337,21.547837932580407,9.219052387349077,0.8105369602898764,6.106581004580262,5.120135947809887,4.483158146244543,5.415885347697113,9.724578511394656,0.283295203999585,10.93353333777991,1.7249771104584166,9.146127382563128,1.0760847220006746,2.680050570805672,1.2570149436222207,0.010376598907664358,9.467940963701831e-05,1.6060282970061632,0.1812764644546492,2.4181079229249627,0.47984042567476,1.099479578732309,0.38205204965984807,0.10629631128019132,0.003164213085006366,103.0,0,213.80671133131312,23.278827606941974,69.64437293708927,0,4.787491742782046,4.340298377401065,0.30701681052294116,118.99999999999997,75.73043054946565,4.033281566878124,4.647315187924006,55.44583844954882,103.30457114333876,23.92936634689497,4,4,43.26956945053432
116,40.702590982471065,7.139991049318135,4,6,8.671586891555943,0.0098274701255562,50.0,60,2.0,5,1.0,4,9.0,3,5.0,2,5.0,1,3.0,5,9.0,3,2.0,5,3.045582635736636,0.8005212090314227,2.6511688404179177,0.4113985856507708,1.7920777687212166,0.9647969006335627,6.622140262933337,21.547837932580407,8.577565891921335,1.5254092513432365,2.3479574776243735,5.7843472021396005,4.483158146244543,5.415885347697113,9.724578511394656,0.283295203999585,10.93353333777991,1.7249771104584166,9.146127382563128,1.0760847220006746,2.680050570805672,1.2570149436222207,0.010376598907664358,9.467940963701831e-05,1.6060282970061632,0.1812764644546492,2.4181079229249627,0.47984042567476,1.099479578732309,0.38205204965984807,0.10629631128019132,0.003164213085006366,108.0,0,87.8347373240769,15.26155201111238,80.57790627486919,0,2.4388627112865935,2.121026354800387,0.46607523565941356,10.459999999999999,7.339692580169984,1.6549511191409734,2.5871015904598007,4.232824130987814,12.291192402182467,4.029184135597326,0,1,3.1203074198300147
117,162.87866485256177,9.09498063193833,3,6,9.343313594682408,0.002455817322536,40.0,60,1.0,5,1.0,4,7.0,3,5.0,2,5.0,1,3.0,5,8.0,3,2.0,5,9.739005974312011,0.023597890883752762,6.770115675069588,1.9775155486281677,1.5260659960672207,0.7269947167029547,6.622140262933337,21.547837932580407,7.914254423834341,2.190078664795778,6.197107781763387,5.206072397580336,3.840421925128728,6.380561429790441,9.724578511394656,0.283295203999585,10.93353333777991,1.7249771104584166,9.146127382563128,1.0760847220006746,2.680050570805672,1.2570149436222207,0.010376598907664358,9.467940963701831e-05,1.6060282970061632,0.1812764644546492,2.4181079229249627,0.47984042567476,1.099479578732309,0.38205204965984807,0.10629631128019132,0.003164213085006366,94.0,0,205.5126804787146,21.65305029652305,63.18479221674562,0,4.012772908528289,4.075027765412581,0.42353936679295767,54.3,57.85211461890617,3.651488398619623,4.4985671322055385,37.5319743270712,88.88824101555282,25.678133344240813,4,3,3.552114618906174
118,194.42695193556096,5.820923413408717,9,6,15.103901781256091,0.002057340697936,2.0,60,1.0,5,1.0,4,6.0,3,5.0,2,3.0,1,3.0,5,4.0,3,2.0,5,9.299353252650073,0.13057879407932754,2.046765522498041,0.9497686028028859,9.09996886432829,0.14026651050520966,6.622140262933337,21.547837932580407,4.375634524764094,3.509078676196179,6.556745240997836,5.5474737753025725,6.599447599023525,8.253061810169577,9.724578511394656,0.283295203999585,10.93353333777991,1.7249771104584166,9.146127382563128,1.0760847220006746,2.680050570805672,1.2570149436222207,0.010376598907664358,9.467940963701831e-05,1.6060282970061632,0.1812764644546492,2.4181079229249627,0.47984042567476,1.099479578732309,0.38205204965984807,0.10629631128019132,0.003164213085006366,77.0,0,176.02381421176452,21.127071807280725,52.89476673699839,0,3.292126286607793,4.1891619987526525,0.3250863363993768,25.89999999999999,64.96748695488095,3.864075662353276,4.514248335152029,46.65919887466973,90.30890652581382,21.82485382557205,4,2,39.06748695488096
119,187.05968085768257,5.294559906183116,9,6,2.472944690735273,0.00213840124264,2.0,60,1.0,5,1.0,4,6.0,3,5.0,2,9.0,1,3.0,5,4.0,3,2.0,5,9.313105416504593,0.12391343677203447,9.356955348413724,0.1603574137024275,9.09996886432829,0.14026651050520966,6.622140262933337,21.547837932580407,2.485387561362357,3.5968924114879783,6.4835855961359306,5.47802382533715,6.599447599023525,8.253061810169577,9.724578511394656,0.283295203999585,10.93353333777991,1.7249771104584166,9.146127382563128,1.0760847220006746,2.680050570805672,1.2570149436222207,0.010376598907664358,9.467940963701831e-05,1.6060282970061632,0.1812764644546492,2.4181079229249627,0.47984042567476,1.099479578732309,0.38205204965984807,0.10629631128019132,0.003164213085006366,83.0,0,239.82140326384425,21.602778689060383,62.530936519035365,0,3.912023005428146,4.018347583429483,0.35350762670287295,48.99999999999999,54.609140400054635,3.6648399567266097,4.371855210132356,38.049885991384144,78.19041035651888,20.07026218256737,4,2,5.609140400054642
120,195.5415648057176,5.944779348175101,9,6,23.631989252279222,0.0020456120137403,2.0,60,1.0,5,1.0,4,6.0,3,5.0,2,1.0,1,3.0,5,4.0,3,2.0,5,9.299394735442826,0.13058231353257746,1.209233137940481,0.14381599894084104,9.09996886432829,0.14026651050520966,6.622140262933337,21.547837932580407,4.76293040349521,4.06901497162619,6.567330740683142,5.557522517678114,6.599447599023525,8.253061810169577,9.724578511394656,0.283295203999585,10.93353333777991,1.7249771104584166,9.146127382563128,1.0760847220006746,2.680050570805672,1.2570149436222207,0.010376598907664358,9.467940963701831e-05,1.6060282970061632,0.1812764644546492,2.4181079229249627,0.47984042567476,1.099479578732309,0.38205204965984807,0.10629631128019132,0.003164213085006366,75.0,0,169.01169491028995,19.44768469567558,49.68271014298606,0,4.844187086458591,3.686038511900387,0.18706083534263573,125.99999999999999,38.88652357775901,3.498977676557751,3.8730993472430226,32.081614555186775,47.09120668718048,7.504796065996853,3,4,87.11347642224098
121,153.90558620359377,8.976685864196185,3,6,5.975157152285055,0.0025990398463666,40.0,60,1.0,5,1.0,4,7.0,3,5.0,2,9.0,1,3.0,5,8.0,3,2.0,5,9.801001949917307,0.009905712576853022,6.377793678789124,1.7060751298758081,1.5260659960672207,0.7269947167029547,6.622140262933337,21.547837932580407,9.352125501457731,1.2588193979739686,6.067845031088143,5.0833641533873255,3.840421925128728,6.380561429790441,9.724578511394656,0.283295203999585,10.93353333777991,1.7249771104584166,9.146127382563128,1.0760847220006746,2.680050570805672,1.2570149436222207,0.010376598907664358,9.467940963701831e-05,1.6060282970061632,0.1812764644546492,2.4181079229249627,0.47984042567476,1.099479578732309,0.38205204965984807,0.10629631128019132,0.003164213085006366,98.0,0,204.59897894840373,21.01595999598316,69.60890540477028,0,3.5115454388310208,4.457445237587487,0.35113684682402857,32.5,85.26683606254858,4.106308390763459,4.8085820844115155,59.722140883832935,121.55771776031088,30.917788438238972,4,2,52.76683606254858
122,52.88003397969062,7.318601327551359,4,6,7.659455675480462,0.0075642916904724,50.0,60,1.0,5,1.0,4,9.0,3,5.0,2,5.0,1,3.0,5,9.0,3,2.0,5,1.0412773466606684,0.0011530547733574815,3.592346792397341,0.5849085500339757,1.7920777687212166,0.9647969006335627,6.622140262933337,21.547837932580407,9.288883513474172,0.7327171815794992,1.5865519076435923,0.8293032733614902,4.483158146244543,5.415885347697113,9.724578511394656,0.283295203999585,10.93353333777991,1.7249771104584166,9.146127382563128,1.0760847220006746,2.680050570805672,1.2570149436222207,0.010376598907664358,9.467940963701831e-05,1.6060282970061632,0.1812764644546492,2.4181079229249627,0.47984042567476,1.099479578732309,0.38205204965984807,0.10629631128019132,0.003164213085006366,103.0,0,73.82996745238314,10.673004774239724,69.64437293708927,0,2.907447358686419,1.7593321172350014,0.3505559268532725,17.309999999999995,4.8085566637250565,1.4087761903817289,2.109888044088274,3.0909458004774395,7.247317896943825,2.0781860482331926,0,1,12.501443336274939
123,171.92962590645303,7.966479048748009,9,6,4.183169317687371,0.0023265334475587,2.0,60,1.0,5,1.0,4,6.0,3,5.0,2,9.0,1,3.0,5,4.0,3,2.0,5,9.729906559588438,0.03140553418768757,5.112408957207125,0.8631102057388711,9.09996886432829,0.14026651050520966,6.622140262933337,21.547837932580407,6.797324431810337,1.5758481189181424,6.313790471402944,5.316838475964045,6.599447599023525,8.253061810169577,9.724578511394656,0.283295203999585,10.93353333777991,1.7249771104584166,9.146127382563128,1.0760847220006746,2.680050570805672,1.2570149436222207,0.010376598907664358,9.467940963701831e-05,1.6060282970061632,0.1812764644546492,2.4181079229249627,0.47984042567476,1.099479578732309,0.38205204965984807,0.10629631128019132,0.003164213085006366,83.0,0,212.07186017425485,21.49577527732037,62.530936519035365,0,5.68697535633982,4.128894105610053,0.2335818339435889,294.0000000000001,61.10919872647105,3.895312271666464,4.362475939553642,48.17140580232545,77.45113442458947,14.639864311132008,4,4,232.89080127352906
124,116.34209782357412,9.053628287830954,3,6,7.98655635872792,0.0034381482476661,40.0,60,1.0,5,1.0,4,7.0,3,5.0,2,5.0,1,3.0,5,8.0,3,2.0,5,8.74465800693262,0.5073161863072745,6.630001881905786,1.8819126332554066,1.5260659960672207,0.7269947167029547,6.622140262933337,21.547837932580407,9.058999802429202,0.9888994961907924,5.310523786037542,4.364444280610544,3.840421925128728,6.380561429790441,9.724578511394656,0.283295203999585,10.93353333777991,1.7249771104584166,9.146127382563128,1.0760847220006746,2.680050570805672,1.2570149436222207,0.010376598907664358,9.467940963701831e-05,1.6060282970061632,0.1812764644546492,2.4181079229249627,0.47984042567476,1.099479578732309,0.38205204965984807,0.10629631128019132,0.003164213085006366,94.0,0,193.05408291417532,21.807455090388128,63.18479221674562,0,2.760009940032921,4.135171912858407,0.295166130206868,14.799999999999997,61.50033475814971,3.8400057826515392,4.430338043065275,45.52574348117348,82.95979413980663,18.717025329316577,4,1,46.700334758149715
125,93.91083829083476,9.022648528868734,3,6,5.957925976604039,0.0042593615882371,40.0,60,1.0,5,1.0,4,7.0,3,5.0,2,9.0,1,3.0,5,8.0,3,2.0,5,3.3945269001723153,2.0571841084044076,6.525033430099869,1.8102902055970613,1.5260659960672207,0.7269947167029547,6.622140262933337,21.547837932580407,9.348928227934671,1.270532556243979,4.569353385919699,3.660856294348475,3.840421925128728,6.380561429790441,9.724578511394656,0.283295203999585,10.93353333777991,1.7249771104584166,9.146127382563128,1.0760847220006746,2.680050570805672,1.2570149436222207,0.010376598907664358,9.467940963701831e-05,1.6060282970061632,0.1812764644546492,2.4181079229249627,0.47984042567476,1.099479578732309,0.38205204965984807,0.10629631128019132,0.003164213085006366,98.0,0,132.27159450425668,23.138663484972362,69.60890540477028,0,2.928523523860541,3.4981891850012747,0.4576951593388283,17.7,32.05554026246614,3.040494025662446,3.9558843443401033,19.91557351323172,51.241873327177466,15.663149906972873,1,1,14.355540262466139
126,112.78154113804794,8.803477634630292,1,6,2.1363238403899896,0.003546826992618,50.0,60,1.0,5,1.0,4,5.0,3,5.0,2,9.0,1,3.0,5,9.0,3,2.0,5,8.703000672007956,0.5002723032207962,6.319411994125087,1.432948815181541,2.3873388306664673,0.6926300514182241,6.622140262933337,21.547837932580407,3.6712658677010017,6.46851783225488,5.212437862562044,4.271331985019938,4.483158146244543,5.415885347697113,9.724578511394656,0.283295203999585,10.93353333777991,1.7249771104584166,9.146127382563128,1.0760847220006746,2.680050570805672,1.2570149436222207,0.010376598907664358,9.467940963701831e-05,1.6060282970061632,0.1812764644546492,2.4181079229249627,0.47984042567476,1.099479578732309,0.38205204965984807,0.10629631128019132,0.003164213085006366,95.0,0,183.8828209736534,20.907253414394198,65.34828384189123,0,2.5649493574615367,4.233727072414406,0.29439783361652205,12.0,67.97382414567794,3.939329238797884,4.5281249060309285,50.38412326226535,91.58479303027364,20.60033488400415,4,1,55.97382414567794
127,116.79348696347432,8.707695779776081,1,6,9.137511391935634,0.0034249532912405,50.0,60,1.0,5,1.0,4,5.0,3,5.0,2,5.0,1,3.0,5,9.0,3,2.0,5,8.74993911049112,0.5082091737271597,6.496828563308786,1.5319403964191545,2.3873388306664673,0.6926300514182241,6.622140262933337,21.547837932580407,8.118558881326928,1.9856556427259813,5.322432641690933,4.375749275745972,4.483158146244543,5.415885347697113,9.724578511394656,0.283295203999585,10.93353333777991,1.7249771104584166,9.146127382563128,1.0760847220006746,2.680050570805672,1.2570149436222207,0.010376598907664358,9.467940963701831e-05,1.6060282970061632,0.1812764644546492,2.4181079229249627,0.47984042567476,1.099479578732309,0.38205204965984807,0.10629631128019132,0.003164213085006366,91.0,0,193.42715616901685,21.19696760061707,58.92417065386658,0,3.4210000089583352,3.8211148985663477,0.3588048252390732,29.600000000000005,44.655080740849606,3.4623100733272745,4.179919723805421,30.890561023551115,64.36060610267036,16.735022539559623,4,2,15.0550807408496
128,52.83114685057883,5.988771244562629,4,6,7.576501169924312,0.0075712915234703,50.0,60,1.0,5,1.0,4,9.0,3,5.0,2,5.0,1,3.0,5,9.0,3,2.0,5,1.0393570791306743,0.001099413402758776,1.2913021008166954,0.22873715563732294,1.7920777687212166,0.9647969006335627,6.622140262933337,21.547837932580407,9.347183268142436,0.6677479585567129,1.5802343421980476,0.8233060517384958,4.483158146244543,5.415885347697113,9.724578511394656,0.283295203999585,10.93353333777991,1.7249771104584166,9.146127382563128,1.0760847220006746,2.680050570805672,1.2570149436222207,0.010376598907664358,9.467940963701831e-05,1.6060282970061632,0.1812764644546492,2.4181079229249627,0.47984042567476,1.099479578732309,0.38205204965984807,0.10629631128019132,0.003164213085006366,103.0,0,52.84167878180751,8.485140900144836,69.64437293708927,0,3.2846635654062037,1.7139853365831694,0.28310135269721726,25.699999999999996,4.551040216447612,1.4308839838859522,1.9970866892803867,3.182394727829594,6.367560809022288,1.5925830405963473,0,2,21.148959783552385
129,14.284677441037193,4.592938095032227,4,6,1.474466881858537,0.0280076112915586,50.0,60,7.0,5,1.0,4,9.0,3,5.0,2,10.0,1,5.0,5,9.0,3,2.0,5,4.4440562978268625,1.0688928790985033,9.913476023418289,0.013928816559010886,1.7920777687212166,0.9647969006335627,6.622140262933337,21.547837932580407,6.002915283406077,12.114648382637808,8.85467019382365,4.23260580221509,4.483158146244543,5.415885347697113,9.724578511394656,0.283295203999585,10.93353333777991,1.7249771104584166,9.146127382563128,1.0760847220006746,2.680050570805672,1.2570149436222207,0.010376598907664358,9.467940963701831e-05,1.6060282970061632,0.1812764644546492,2.4181079229249627,0.47984042567476,1.099479578732309,0.38205204965984807,0.10629631128019132,0.003164213085006366,148.0,0,181.14595415663055,19.859945414760347,148.11193029464945,0,5.662960480135946,3.8662176864050335,0.45615412049902027,287.00000000000006,46.76139543962141,3.4100635659060132,4.322371806904053,29.26716815821868,74.36717285262344,22.55000234720238,4,4,240.23860456037863
130,10.491705400384117,4.527710820557894,4,6,6.166542907145082,0.0381597838591244,50.0,60,8.0,5,1.0,4,9.0,3,5.0,2,5.0,1,5.0,5,9.0,3,2.0,5,4.238050417286587,1.0888790827459567,9.964756500089104,0.0038940468257063956,1.7920777687212166,0.9647969006335627,6.622140262933337,21.547837932580407,9.387637448990077,1.1287219699864681,8.031750462259675,5.507501314366928,4.483158146244543,5.415885347697113,9.724578511394656,0.283295203999585,10.93353333777991,1.7249771104584166,9.146127382563128,1.0760847220006746,2.680050570805672,1.2570149436222207,0.010376598907664358,9.467940963701831e-05,1.6060282970061632,0.1812764644546492,2.4181079229249627,0.47984042567476,1.099479578732309,0.38205204965984807,0.10629631128019132,0.003164213085006366,148.0,0,182.80865061844034,19.38743065841306,151.01532214739854,0,4.653960350157523,3.3035619289942693,0.2383647418380157,103.99999999999997,26.209384413341382,3.0651971871562536,3.541926670832285,20.438689004529774,33.5333896114896,6.547350303479915,4,4,77.79061558665859
131,12.067632620814296,4.604799984572873,4,6,5.592930093276788,0.0331584115475014,49.99999999999999,60,8.0,5,1.0,4,9.0,3,5.0,2,9.0,1,5.0,5,8.0,3,2.0,5,4.3669875860610805,1.074769894730755,9.854488261235788,0.02408159234201712,1.7920777687212166,0.9647969006335627,6.622140262933337,21.547837932580407,9.072703494731002,1.4374081208613865,8.012373481927172,5.5126563334733945,4.483158146244543,5.415885347697118,9.724578511394656,0.283295203999585,10.93353333777991,1.7249771104584166,9.146127382563128,1.0760847220006746,2.680050570805672,1.2570149436222207,0.010376598907664358,9.467940963701831e-05,1.6060282970061632,0.1812764644546492,2.4181079229249627,0.47984042567476,1.099479578732309,0.38205204965984807,0.10629631128019132,0.003164213085006366,149.0,0,182.65721362101937,19.366465325406423,156.3399557566909,0,3.2228678461377385,3.337649692818829,0.3280568841993792,24.100000000000005,27.1528809686767,3.0095928086194497,3.665706577018208,19.279140752503686,38.083742083037976,9.402300665267145,4,1,3.0528809686766962
132,11.117018819615566,4.611625866617097,4,6,14.837647396910874,0.0359890265024018,50.0,60,8.0,5,1.0,4,9.0,3,5.0,2,3.0,1,5.0,5,9.0,3,2.0,5,4.289211499363963,1.0832806867756422,9.820543963800645,0.029923970968018347,1.7920777687212166,0.9647969006335627,6.622140262933337,21.547837932580407,4.3757755557080085,3.53181628129883,8.018865124807311,5.516409790614812,4.483158146244543,5.415885347697113,9.724578511394656,0.283295203999585,10.93353333777991,1.7249771104584166,9.146127382563128,1.0760847220006746,2.680050570805672,1.2570149436222207,0.010376598907664358,9.467940963701831e-05,1.6060282970061632,0.1812764644546492,2.4181079229249627,0.47984042567476,1.099479578732309,0.38205204965984807,0.10629631128019132,0.003164213085006366,146.0,0,173.96868562999248,19.201810890440562,147.8032655533862,0,2.6390573296152584,3.3072382674974654,0.282330425605438,12.999999999999996,26.309599420181527,3.0249078418920274,3.5895686931029034,19.592106894137224,35.218451289368545,7.8131721976156605,3,1,13.30959942018153
133,12.489503277320209,4.608725477801502,4,6,1.9990374146370344,0.0320500875552618,50.0,60,7.0,5,1.0,4,9.0,3,5.0,2,10.0,1,5.0,5,9.0,3,2.0,5,4.401503652116505,1.0709929104045919,9.834967251515883,0.027441483061907496,1.7920777687212166,0.9647969006335627,6.622140262933337,21.547837932580407,4.1549108762861975,7.639672826706452,8.193614766386283,5.237221324430719,4.483158146244543,5.415885347697113,9.724578511394656,0.283295203999585,10.93353333777991,1.7249771104584166,9.146127382563128,1.0760847220006746,2.680050570805672,1.2570149436222207,0.010376598907664358,9.467940963701831e-05,1.6060282970061632,0.1812764644546492,2.4181079229249627,0.47984042567476,1.099479578732309,0.38205204965984807,0.10629631128019132,0.003164213085006366,148.0,0,175.39620142027215,19.4679829924434,148.11193029464945,0,3.3250360206965914,3.5956407836894257,0.5646726888201015,26.8,35.43904205227869,3.0309680948693245,4.160313472509527,19.71727917600168,63.09161040923875,21.687165616618536,4,2,8.639042052278686
134,11.536087903139736,4.682275426333412,4,6,3.421516386452093,0.0346886606451955,50.0,60,8.0,5,1.0,4,9.0,3,5.0,2,9.0,1,5.0,5,9.0,3,2.0,5,4.32349834995582,1.0795287847752524,9.469212128129437,0.09039402816337294,1.7920777687212166,0.9647969006335627,6.622140262933337,21.547837932580407,3.37066134478257,0.6444010965837303,8.011146319741536,5.521746305226455,4.483158146244543,5.415885347697113,9.724578511394656,0.283295203999585,10.93353333777991,1.7249771104584166,9.146127382563128,1.0760847220006746,2.680050570805672,1.2570149436222207,0.010376598907664358,9.467940963701831e-05,1.6060282970061632,0.1812764644546492,2.4181079229249627,0.47984042567476,1.099479578732309,0.38205204965984807,0.10629631128019132,0.003164213085006366,152.0,0,169.49732956323305,18.911608016121786,157.43943533542318,0,2.823460052613038,3.4087759452245807,0.2808104149834749,15.834999999999999,29.22822060674729,3.127965530241106,3.6895863602080556,21.827490429178805,39.02828624044472,8.600397905632958,3,1,13.39322060674729
135,9.699045691436142,4.5695028722434765,4,6,2.093225078722836,0.0412745900708014,50.0,60,8.0,5,1.0,4,9.0,3,5.0,2,9.0,1,5.0,5,9.0,3,2.0,5,4.1731976135857485,1.0959757206621221,9.988696737644064,0.0007992185542945174,1.7920777687212166,0.9647969006335627,6.622140262933337,21.547837932580407,3.8230980742880614,6.836182222265253,7.384591567436624,6.18614534601462,4.483158146244543,5.415885347697113,9.724578511394656,0.283295203999585,10.93353333777991,1.7249771104584166,9.146127382563128,1.0760847220006746,2.680050570805672,1.2570149436222207,0.010376598907664358,9.467940963701831e-05,1.6060282970061632,0.1812764644546492,2.4181079229249627,0.47984042567476,1.099479578732309,0.38205204965984807,0.10629631128019132,0.003164213085006366,152.0,0,171.8168330428358,19.406477982100984,157.43943533542318,0,4.836281906951478,3.3629636811986368,0.3628598249748858,125.0,27.8746394215505,3.0001038562237508,3.7258235061735228,19.087623039530722,40.50539862699633,10.708887793732805,3,4,97.1253605784495
136,11.142547040239482,4.673934469652457,4,6,3.8571662884325617,0.0359358406983865,50.00000000000001,60,8.0,5,1.0,4,9.0,3,5.0,2,9.0,1,5.0,5,9.0,3,2.0,5,4.291300134199651,1.0830521340482022,9.510690711063862,0.08325487358708732,1.7920777687212166,0.9647969006335627,6.622140262933337,21.547837932580407,5.330642560324687,1.1771697466326032,8.018549420691283,5.516628057511537,4.483158146244543,5.415885347697109,9.724578511394656,0.283295203999585,10.93353333777991,1.7249771104584166,9.146127382563128,1.0760847220006746,2.680050570805672,1.2570149436222207,0.010376598907664358,9.467940963701831e-05,1.6060282970061632,0.1812764644546492,2.4181079229249627,0.47984042567476,1.099479578732309,0.38205204965984807,0.10629631128019132,0.003164213085006366,152.0,0,172.6903444918344,19.03508196531935,157.43943533542318,0,3.3655702040190043,3.143590035491019,0.18317799385450972,27.950000000000003,22.186959624469747,2.960412041636509,3.326768029345529,18.305924961779745,26.848191562494687,4.271133300357471,3,2,5.763040375530256
137,10.515584039439528,4.626462902965623,4,6,1.9084416794890984,0.0380734594264363,50.0,60,8.0,5,1.0,4,9.0,3,5.0,2,10.0,1,5.0,5,9.0,3,2.0,5,4.240004088797605,1.0886652986297791,9.746761151321994,0.04262322118567733,1.7920777687212166,0.9647969006335627,6.622140262933337,21.547837932580407,4.474069706906875,8.412521614287574,8.031238051491089,5.507855577433609,4.483158146244543,5.415885347697113,9.724578511394656,0.283295203999585,10.93353333777991,1.7249771104584166,9.146127382563128,1.0760847220006746,2.680050570805672,1.2570149436222207,0.010376598907664358,9.467940963701831e-05,1.6060282970061632,0.1812764644546492,2.4181079229249627,0.47984042567476,1.099479578732309,0.38205204965984807,0.10629631128019132,0.003164213085006366,153.0,0,172.94363002482524,19.517425245914705,159.04546363242935,0,3.0440461338325417,4.265821412816017,0.4301256391945518,19.990000000000002,70.22339976544914,3.835695773621465,4.695947052010569,45.32564862171398,108.50246407928861,31.588407728787317,3,1,50.23339976544914
138,10.103800479374646,4.572562411329768,4,6,0.8841157819148799,0.039599406978018,50.0,60,8.0,5,1.0,4,9.0,3,5.0,2,10.0,1,5.0,5,9.0,3,2.0,5,4.206313315712187,1.0923519737472625,9.990449369773387,0.0005726503988715253,1.7920777687212166,0.9647969006335627,6.622140262933337,21.547837932580407,6.098650131142254,12.346472019973112,8.027518793522185,5.514865217382455,4.483158146244543,5.415885347697113,9.724578511394656,0.283295203999585,10.93353333777991,1.7249771104584166,9.146127382563128,1.0760847220006746,2.680050570805672,1.2570149436222207,0.010376598907664358,9.467940963701831e-05,1.6060282970061632,0.1812764644546492,2.4181079229249627,0.47984042567476,1.099479578732309,0.38205204965984807,0.10629631128019132,0.003164213085006366,153.0,0,177.40420288662887,19.894992544756324,159.04546363242935,0,5.070475294452272,3.4070975581844296,0.3526029803933448,158.24999999999994,29.17752850541695,3.054494577791085,3.7597005385777744,20.21046257848363,41.935566507590934,10.862551964553653,4,4,129.072471494583
139,19.02651983393149,4.856668875333469,6,6,2.0374164840028213,0.0210312783519632,10.0,60,4.0,5,1.0,4,6.0,3,5.0,2,9.0,1,5.0,5,6.0,3,2.0,5,4.016102491987782,1.1357161048872573,8.95765226388639,0.14229330846553168,9.319165300068715,0.24976375569080855,6.622140262933337,21.547837932580407,4.019705627616459,7.312270911159262,5.768288724783158,11.679141935543282,8.731709890661806,8.04279900732544,9.724578511394656,0.283295203999585,10.93353333777991,1.7249771104584166,9.146127382563128,1.0760847220006746,2.680050570805672,1.2570149436222207,0.010376598907664358,9.467940963701831e-05,1.6060282970061632,0.1812764644546492,2.4181079229249627,0.47984042567476,1.099479578732309,0.38205204965984807,0.10629631128019132,0.003164213085006366,114.0,0,181.9206979010169,22.759705818575085,102.36671153568965,0,3.380824591854218,3.8955240144572025,0.4904924386620031,28.394999999999996,48.1818185953926,3.405031575795199,4.386016453119206,29.11524662176472,79.31982306935407,25.102288223794677,4,2,19.786818595392603
140,9.744078144958044,4.590204418617272,4,6,3.036151627358403,0.041075082572975,49.99999999999999,60,8.0,5,1.0,4,9.0,3,5.0,2,9.0,1,5.0,5,8.0,3,2.0,5,4.17688202044465,1.095572547631484,9.927070270245212,0.011589020390009289,1.7920777687212166,0.9647969006335627,6.622140262933337,21.547837932580407,1.6369120990650567,0.17312757730732992,7.461161586984561,6.106198611009395,4.483158146244543,5.415885347697118,9.724578511394656,0.283295203999585,10.93353333777991,1.7249771104584166,9.146127382563128,1.0760847220006746,2.680050570805672,1.2570149436222207,0.010376598907664358,9.467940963701831e-05,1.6060282970061632,0.1812764644546492,2.4181079229249627,0.47984042567476,1.099479578732309,0.38205204965984807,0.10629631128019132,0.003164213085006366,149.0,0,167.9675511392915,18.892487669705933,156.3399557566909,0,3.6496187401606335,3.4431186316631095,0.5335030617009866,37.459999999999994,30.28437062135778,2.909615569962123,3.976621693364096,17.349743018518783,52.336542325783306,17.49339965363226,3,2,7.175629378642213
141,5.447941990311955,4.58376468890861,4,6,2.6959198356617957,0.0734485701462897,50.0,60,10.0,5,1.0,4,9.0,3,5.0,2,9.0,1,5.0,5,9.0,3,2.0,5,3.847850150774856,1.3837573287463425,9.959094278163388,0.006077155555053592,1.7920777687212166,0.9647969006335627,6.622140262933337,21.547837932580407,1.6998706008120736,1.694749113729067,5.27279746849685,8.812769165869465,4.483158146244543,5.415885347697113,9.724578511394656,0.283295203999585,10.93353333777991,1.7249771104584166,9.146127382563128,1.0760847220006746,2.680050570805672,1.2570149436222207,0.010376598907664358,9.467940963701831e-05,1.6060282970061632,0.1812764644546492,2.4181079229249627,0.47984042567476,1.099479578732309,0.38205204965984807,0.10629631128019132,0.003164213085006366,162.0,0,159.47237840096759,19.835908022571576,179.306502010983,0,3.5058576522055884,2.8777751986649784,0.281436922373024,32.31,16.77468401620124,2.5963382762919545,3.1592121210380024,12.414527698553078,22.55203246625505,5.068752383850986,2,2,15.535315983798764
142,11.28103221392659,4.810085971639412,6,6,4.427999512627862,0.0354842421069997,10.0,60,8.0,5,1.0,4,6.0,3,5.0,2,9.0,1,5.0,5,6.0,3,2.0,5,4.302630534475107,1.081812284055424,9.001667775380813,0.15378752340426646,9.319165300068715,0.24976375569080855,6.622140262933337,21.547837932580407,7.618826373229003,1.747042775630477,8.015868789332366,5.518481353234566,8.731709890661806,8.04279900732544,9.724578511394656,0.283295203999585,10.93353333777991,1.7249771104584166,9.146127382563128,1.0760847220006746,2.680050570805672,1.2570149436222207,0.010376598907664358,9.467940963701831e-05,1.6060282970061632,0.1812764644546492,2.4181079229249627,0.47984042567476,1.099479578732309,0.38205204965984807,0.10629631128019132,0.003164213085006366,134.0,0,196.67121420398783,22.126139148779306,146.10084488680926,0,4.720728526622364,3.3792645820527554,0.42416009289563084,111.25000000000001,28.349179261579085,2.9551044891571245,3.803424674948386,18.203729196481195,43.8545339561515,12.825402379835152,4,4,82.90082073842093
143,52.87999544462004,7.226296371898304,4,6,3.687955053310778,0.00756429716673,50.0,20,1.0,5,1.0,4,9.0,3,5.0,2,9.0,1,3.0,5,9.0,3,4.0,5,1.041275833017995,0.0011530124907763691,3.0634076176191996,0.3279547005783677,1.7920777687212166,0.9647969006335627,6.622140262933337,21.547837932580407,4.569364201739758,0.9702365167635953,1.5865469651519932,0.8292985814880547,4.483158146244543,5.415885347697113,1.0,1e-10,10.93353333777991,1.7249771104584166,9.146127382563128,1.0760847220006746,2.680050570805672,1.2570149436222207,0.010376598907664358,9.467940963701831e-05,1.6060282970061632,0.1812764644546492,2.4181079229249627,0.47984042567476,1.099479578732309,0.38205204965984807,0.10629631128019132,0.003164213085006366,117.0,0,60.485121805145525,8.779928569341108,76.2810787476743,0,1.5407307144243096,1.9435171421234818,0.40381218809036346,3.6680000000000006,5.983268978186925,1.5397049540331182,2.3473293302138454,3.6632142054527908,9.4576035912493,2.897194692898255,0,0,2.3152689781869245
144,40.37923571124017,4.947877826473429,6,6,6.09156553968946,0.0099101642201343,9.999999999999998,60,2.0,5,1.0,4,6.0,3,5.0,2,5.0,1,3.0,5,5.0,3,2.0,5,3.0810341486121127,0.8081976914923786,8.871470246044348,0.11978772797135068,9.319165300068715,0.24976375569080855,6.622140262933337,21.547837932580407,9.373725272814037,1.1796889955646472,2.389394348167378,5.99887606239407,8.731709890661806,8.04279900732544,9.724578511394656,0.283295203999585,10.93353333777991,1.7249771104584166,9.146127382563128,1.0760847220006746,2.680050570805672,1.2570149436222207,0.010376598907664358,9.467940963701831e-05,1.6060282970061632,0.1812764644546492,2.4181079229249627,0.47984042567476,1.099479578732309,0.38205204965984807,0.10629631128019132,0.003164213085006366,87.0,0,171.33704107243975,20.36195824618045,68.13983624752294,0,3.885679030088544,3.864377013583721,0.31340034255581006,47.7,46.67356319713706,3.550976671027911,4.177777356139531,33.84733525555774,64.22072954054474,15.1866971424935,3,2,1.0264368028629463
145,14.452677946667404,4.929429917986311,4,6,7.084095922722368,0.0276868014607787,50.0,20,7.0,5,1.0,4,9.0,3,5.0,2,5.0,1,5.0,5,9.0,3,4.0,5,4.42889416256166,1.0712603841292851,8.888901407772604,0.12433970323493017,1.7920777687212166,0.9647969006335627,6.622140262933337,21.547837932580407,9.557890948636155,0.5050011112627675,8.907131375034899,4.152879784136851,4.483158146244543,5.415885347697113,1.0,1e-10,10.93353333777991,1.7249771104584166,9.146127382563128,1.0760847220006746,2.680050570805672,1.2570149436222207,0.010376598907664358,9.467940963701831e-05,1.6060282970061632,0.1812764644546492,2.4181079229249627,0.47984042567476,1.099479578732309,0.38205204965984807,0.10629631128019132,0.003164213085006366,153.0,0,176.51814629582555,19.045702056131162,140.29438143217902,0,3.2891478778535324,3.2167324503790526,0.24743129670519104,25.819999999999997,23.94647302244254,2.969301153673862,3.4641637470842435,18.478302498315607,30.949730543165618,6.235714022425006,4,2,1.8735269775574572
146,2.957631701137412,4.699043799977648,4,6,5.227258203753298,0.1357562634897992,50.0,20,10.0,5,1.0,4,9.0,3,5.0,2,9.0,1,5.0,5,9.0,3,4.0,5,3.664221744750333,1.6297255946195899,9.385825005586764,0.10474634001657612,1.7920777687212166,0.9647969006335627,6.622140262933337,21.547837932580407,8.616331241323028,1.5346024869053227,5.172800250402179,7.71953058210653,4.483158146244543,5.415885347697113,1.0,1e-10,10.93353333777991,1.7249771104584166,9.146127382563128,1.0760847220006746,2.680050570805672,1.2570149436222207,0.010376598907664358,9.467940963701831e-05,1.6060282970061632,0.1812764644546492,2.4181079229249627,0.47984042567476,1.099479578732309,0.38205204965984807,0.10629631128019132,0.003164213085006366,172.0,0,162.1603142356491,20.54594720866647,179.51909463354338,0,2.834389123145228,3.101563523457485,0.3219695288774813,16.02,21.232685445742664,2.7795939945800034,3.4235330523349665,15.112477866510769,29.677609379790503,7.282565756639867,2,1,5.212685445742665
147,25.95924683763323,4.874958097053258,6,6,3.057090291702805,0.0154107967149853,10.0,60,2.0,5,1.0,4,6.0,3,5.0,2,9.0,1,5.0,5,6.0,3,2.0,5,3.6862285856323074,1.086045264752164,8.94037104298787,0.13778048876476537,9.319165300068715,0.24976375569080855,6.622140262933337,21.547837932580407,1.7311147801789617,0.19873406519102005,4.713492817690169,16.151364522825844,8.731709890661806,8.04279900732544,9.724578511394656,0.283295203999585,10.93353333777991,1.7249771104584166,9.146127382563128,1.0760847220006746,2.680050570805672,1.2570149436222207,0.010376598907664358,9.467940963701831e-05,1.6060282970061632,0.1812764644546492,2.4181079229249627,0.47984042567476,1.099479578732309,0.38205204965984807,0.10629631128019132,0.003164213085006366,104.0,0,171.92980229968722,22.518533032095153,80.49964486012982,0,5.056245805348308,3.4545288776374514,0.34947674923915883,155.99999999999994,30.64337726734293,3.1050521283982926,3.8040056268766103,21.310381949439893,43.880599854926885,11.285108952743496,3,4,125.35662273265702
148,85.90254571483032,8.540505154911568,1,6,24.029088354663724,0.004656670658437,50.0,60,1.0,5,1.0,4,5.0,3,5.0,2,1.0,1,3.0,5,9.0,3,2.0,5,3.038401261714402,1.1846956809912264,6.708444993153624,1.6862112822651099,2.3873388306664673,0.6926300514182241,6.622140262933337,21.547837932580407,4.753168389960375,4.202852446016931,4.210769680587104,3.320455237990533,4.483158146244543,5.415885347697113,9.724578511394656,0.283295203999585,10.93353333777991,1.7249771104584166,9.146127382563128,1.0760847220006746,2.680050570805672,1.2570149436222207,0.010376598907664358,9.467940963701831e-05,1.6060282970061632,0.1812764644546492,2.4181079229249627,0.47984042567476,1.099479578732309,0.38205204965984807,0.10629631128019132,0.003164213085006366,87.0,0,124.82230413955142,20.4098194880973,52.500057465841934,0,3.4011973816621555,2.8416227417461704,0.5982380517939627,29.000000000000004,16.14356255198907,2.2433846899522076,3.439860793540133,8.425178667819369,30.18261704443209,10.87871918830636,1,2,12.856437448010933
149,102.2802785409236,8.070785470734743,1,6,12.297510623614087,0.0039110344533417,49.99999999999999,60,1.0,5,1.0,4,5.0,3,5.0,2,3.0,1,3.0,5,8.0,3,2.0,5,6.80942105741225,1.2793322826162947,4.980364448577272,1.1249305338344748,2.3873388306664673,0.6926300514182241,6.622140262933337,21.547837932580407,6.216387690398146,3.456340035875066,4.883729382007167,3.959291274996846,4.483158146244543,5.415885347697118,9.724578511394656,0.283295203999585,10.93353333777991,1.7249771104584166,9.146127382563128,1.0760847220006746,2.680050570805672,1.2570149436222207,0.010376598907664358,9.467940963701831e-05,1.6060282970061632,0.1812764644546492,2.4181079229249627,0.47984042567476,1.099479578732309,0.38205204965984807,0.10629631128019132,0.003164213085006366,86.0,0,154.22489079225912,20.75816262939623,54.61263448112195,0,3.456316680883235,3.809739333423131,0.2966492034192074,30.699999999999996,44.13867118976191,3.5130901300039232,4.1063885368423385,32.55178714156514,59.72700772035226,13.58761028939356,2,2,13.438671189761912
150,102.89205176438765,7.993172472063007,1,6,22.51451018546768,0.0038876488535724,36.419753077069146,60,1.0,5,1.0,4,5.0,3,5.0,2,1.0,1,3.0,5,7.0,3,2.0,5,7.100278108547798,1.1539730124836938,5.093058552268263,0.8088818272985195,2.3873388306664673,0.6926300514182241,6.622140262933337,21.547837932580407,4.70338540771339,3.920646323017534,4.904835607980013,3.9793272708049168,3.7156160973735104,5.693862202398872,9.724578511394656,0.283295203999585,10.93353333777991,1.7249771104584166,9.146127382563128,1.0760847220006746,2.680050570805672,1.2570149436222207,0.010376598907664358,9.467940963701831e-05,1.6060282970061632,0.1812764644546492,2.4181079229249627,0.47984042567476,1.099479578732309,0.38205204965984807,0.10629631128019132,0.003164213085006366,81.0,0,155.21291652926888,19.850156450178556,50.30109830837731,0,3.7376696182833684,3.7074743274475432,0.312954288665912,41.00000000000001,39.750753383211524,3.394520038781631,4.020428616113455,28.80034703107475,54.72498533549578,12.962319152210515,2,2,1.2492466167884828
151,27.164295390646306,4.97379899513763,6,6,2.589941852890242,0.0147260982360088,10.0,60,2.0,5,1.0,4,6.0,3,5.0,2,9.0,1,5.0,5,6.0,3,2.0,5,3.680861621432833,1.090117456130092,8.856082806583725,0.12031238517312233,9.319165300068715,0.24976375569080855,6.622140262933337,21.547837932580407,2.073219401367372,2.598819877783729,4.610274852222249,16.660381863970873,8.731709890661806,8.04279900732544,9.724578511394656,0.283295203999585,10.93353333777991,1.7249771104584166,9.146127382563128,1.0760847220006746,2.680050570805672,1.2570149436222207,0.010376598907664358,9.467940963701831e-05,1.6060282970061632,0.1812764644546492,2.4181079229249627,0.47984042567476,1.099479578732309,0.38205204965984807,0.10629631128019132,0.003164213085006366,104.0,0,171.40004899276468,22.657639376367868,80.49964486012982,0,3.1210424645194377,4.233248678617128,0.41309564869246085,21.67,67.94083538746993,3.8201530299246675,4.646344327309589,44.61118766342312,103.20335508460482,29.296083710590853,3,1,46.27083538746993
152,17.079338700912896,4.832151119601417,6,6,4.03696331164748,0.0234368382817593,10.0,60,6.0,5,1.0,4,6.0,3,5.0,2,9.0,1,5.0,5,6.0,3,2.0,5,4.1918366281079695,1.1082759426629107,8.980818736425954,0.14834300335038605,9.319165300068715,0.24976375569080855,6.622140262933337,21.547837932580407,6.139546192598268,1.397048637699845,7.115964097290398,8.4959030941468,8.731709890661806,8.04279900732544,9.724578511394656,0.283295203999585,10.93353333777991,1.7249771104584166,9.146127382563128,1.0760847220006746,2.680050570805672,1.2570149436222207,0.010376598907664358,9.467940963701831e-05,1.6060282970061632,0.1812764644546492,2.4181079229249627,0.47984042567476,1.099479578732309,0.38205204965984807,0.10629631128019132,0.003164213085006366,124.0,0,190.71732487401732,22.282968557212396,124.23377821124946,0,4.875197323201151,3.5869325543052764,0.3824126156518013,129.99999999999994,35.12310015935934,3.2045199386534753,3.9693451699570774,23.6436667045042,51.94984633453958,14.15308981501769,4,4,94.8768998406406
153,9.900699466495048,4.902011654774941,4,6,5.197322967565659,0.0404288433101223,50.00000000000001,60,8.0,5,1.0,4,9.0,3,5.0,2,9.0,1,5.0,5,9.0,3,2.0,5,4.189696260535755,1.0941703257242108,8.914808527849601,0.13110509108340176,1.7920777687212166,0.9647969006335627,6.622140262933337,21.547837932580407,8.578970942140462,1.5425591726309453,7.709185112558183,5.84723732053092,4.483158146244543,5.415885347697109,9.724578511394656,0.283295203999585,10.93353333777991,1.7249771104584166,9.146127382563128,1.0760847220006746,2.680050570805672,1.2570149436222207,0.010376598907664358,9.467940963701831e-05,1.6060282970061632,0.1812764644546492,2.4181079229249627,0.47984042567476,1.099479578732309,0.38205204965984807,0.10629631128019132,0.003164213085006366,152.0,0,170.59827181380268,19.055090968625496,157.43943533542318,0,3.5667118201397288,3.340147093504151,0.30719786787447334,34.4,27.223277860936317,3.032949225629678,3.647344961378624,19.75836349831786,37.37264981317849,8.807143157430316,3,2,7.176722139063681
154,9.6109417951734,4.938602259499465,4,6,3.716842083298722,0.0416485904214714,50.0,20,8.0,5,1.0,4,9.0,3,5.0,2,9.0,1,5.0,5,9.0,3,4.0,5,4.1659892433038905,1.0967645099038636,8.880234595030432,0.12207645091523578,1.7920777687212166,0.9647969006335627,6.622140262933337,21.547837932580407,4.6993264395178125,1.0055632869536828,7.241052028954439,6.3360149361434726,4.483158146244543,5.415885347697113,1.0,1e-10,10.93353333777991,1.7249771104584166,9.146127382563128,1.0760847220006746,2.680050570805672,1.2570149436222207,0.010376598907664358,9.467940963701831e-05,1.6060282970061632,0.1812764644546492,2.4181079229249627,0.47984042567476,1.099479578732309,0.38205204965984807,0.10629631128019132,0.003164213085006366,162.0,0,161.73264707166092,18.711614287227892,157.65202795798356,0,2.9652730660692823,3.3372876573658523,0.3083197698316451,18.4,27.142690472434378,3.028967887534207,3.6456074271974974,19.675881737761983,37.306033912969085,8.81507608760355,2,1,8.74269047243438
155,9.214490600234324,4.890887217706572,4,6,2.900072191330776,0.0434338770596454,50.0,40,8.0,5,1.0,4,9.0,3,5.0,2,9.0,1,5.0,5,9.0,3,9.0,5,4.133552913776721,1.1003139152163246,8.925319847428726,0.1338500180973134,1.7920777687212166,0.9647969006335627,6.622140262933337,21.547837932580407,1.0246931195054756,0.006712166441241686,6.555867590910903,7.051415807416285,4.483158146244543,5.415885347697113,2.836832823356769,0.5281315141242494,10.93353333777991,1.7249771104584166,9.146127382563128,1.0760847220006746,2.680050570805672,1.2570149436222207,0.010376598907664358,9.467940963701831e-05,1.6060282970061632,0.1812764644546492,2.4181079229249627,0.47984042567476,1.099479578732309,0.38205204965984807,0.10629631128019132,0.003164213085006366,187.0,0,154.42719238513195,18.580073755731426,158.18350951438453,0,3.349904087274605,2.9239427543675753,0.2827535240048371,27.5,17.61453550649876,2.6411892303627384,3.2066962783724122,13.029878448091164,23.69735809933879,5.333739825623812,2,2,9.885464493501239
156,8.582136885667566,4.849318610892064,4,6,2.573871796281236,0.0466238662925102,50.00000000000001,60,9.0,5,1.0,4,9.0,3,5.0,2,9.0,1,5.0,5,9.0,3,2.0,5,4.081815817949405,1.1059753425559058,8.964597422374844,0.14410696782650498,1.7920777687212166,0.9647969006335627,6.622140262933337,21.547837932580407,2.129832446859672,2.7359093748373127,5.584805301501267,8.08556499513946,4.483158146244543,5.415885347697109,9.724578511394656,0.283295203999585,10.93353333777991,1.7249771104584166,9.146127382563128,1.0760847220006746,2.680050570805672,1.2570149436222207,0.010376598907664358,9.467940963701831e-05,1.6060282970061632,0.1812764644546492,2.4181079229249627,0.47984042567476,1.099479578732309,0.38205204965984807,0.10629631128019132,0.003164213085006366,157.0,0,154.37965440270398,18.84434285462759,168.3729686732031,0,2.3456445824544927,2.8921250116177086,0.22992057794903964,9.440000000000001,17.031586248250363,2.662204433668669,3.1220455895667483,13.327839081849826,21.692752254592875,4.182456586371525,2,0,7.591586248250362
157,45.64064407628391,5.4266515838568745,6,6,4.062936094967022,0.0087654818257904,10.0,60,1.0,5,1.0,4,6.0,3,5.0,2,9.0,1,3.0,5,6.0,3,2.0,5,1.8595570277519375,0.23101773004236692,7.9105196089295,0.9410233751748248,9.319165300068715,0.24976375569080855,6.622140262933337,21.547837932580407,6.256397286080048,1.42881149279119,1.815809784127102,3.029287838896092,8.731709890661806,8.04279900732544,9.724578511394656,0.283295203999585,10.93353333777991,1.7249771104584166,9.146127382563128,1.0760847220006746,2.680050570805672,1.2570149436222207,0.010376598907664358,9.467940963701831e-05,1.6060282970061632,0.1812764644546492,2.4181079229249627,0.47984042567476,1.099479578732309,0.38205204965984807,0.10629631128019132,0.003164213085006366,89.0,0,142.7994969782547,18.96931335053805,64.72989567649998,0,4.90527477843843,2.4893077666412338,0.9178710930255279,134.00000000000003,11.052929791901663,1.5714366736157057,3.407178859666762,3.8135587413271916,29.17998208295596,12.683211670814384,2,4,122.94707020809837
158,15.172817201119557,4.914436881937076,6,6,3.056011202745541,0.0263710387367185,10.0,60,7.0,5,1.0,4,6.0,3,5.0,2,9.0,1,5.0,5,6.0,3,2.0,5,4.363901210636742,1.081408766131967,8.903068110537541,0.12803919736835614,9.319165300068715,0.24976375569080855,6.622140262933337,21.547837932580407,1.726259978016671,0.19741441662819312,8.759801626411209,4.613122731463821,8.731709890661806,8.04279900732544,9.724578511394656,0.283295203999585,10.93353333777991,1.7249771104584166,9.146127382563128,1.0760847220006746,2.680050570805672,1.2570149436222207,0.010376598907664358,9.467940963701831e-05,1.6060282970061632,0.1812764644546492,2.4181079229249627,0.47984042567476,1.099479578732309,0.38205204965984807,0.10629631128019132,0.003164213085006366,129.0,0,188.7745956046606,21.7507569999392,135.16731154902936,0,3.349904087274605,3.3171290822205846,0.3245177320550743,27.5,26.581053847946286,2.99261135016551,3.641646814275659,18.937678832609684,37.154618586748555,9.108469877069435,4,2,0.9189461520537137
159,8.29706818820896,5.048205676758024,4,6,6.836436845519556,0.0482365816471341,50.0,20,9.0,5,1.0,4,9.0,3,5.0,2,5.0,1,5.0,5,9.0,3,4.0,5,4.058492437097774,1.1085275466155542,8.834106830331537,0.1386874546810247,1.7920777687212166,0.9647969006335627,6.622140262933337,21.547837932580407,9.511937391842089,0.673351200773913,5.541171821018567,8.177157561704313,4.483158146244543,5.415885347697113,1.0,1e-10,10.93353333777991,1.7249771104584166,9.146127382563128,1.0760847220006746,2.680050570805672,1.2570149436222207,0.010376598907664358,9.467940963701831e-05,1.6060282970061632,0.1812764644546492,2.4181079229249627,0.47984042567476,1.099479578732309,0.38205204965984807,0.10629631128019132,0.003164213085006366,163.0,0,163.75413231857397,19.036717177187903,162.16144810773883,0,3.0819099697950434,3.028759732390329,0.4229505647866838,20.8,19.671578394521102,2.605809167603645,3.4517102971770126,12.542178762895153,30.554313438222337,9.006067337663591,2,1,1.1284216054788985
160,7.452180192770652,5.035781353255585,4,6,8.486108494113251,0.0537070885793568,50.0,20,9.0,5,1.0,4,9.0,3,5.0,2,5.0,1,5.0,5,9.0,3,4.0,5,3.995636982002597,1.1857984650663123,8.837776348072325,0.13561921130591076,1.7920777687212166,0.9647969006335627,6.622140262933337,21.547837932580407,8.707918607481218,1.380144237844884,5.434081236059078,8.520407353533141,4.483158146244543,5.415885347697113,1.0,1e-10,10.93353333777991,1.7249771104584166,9.146127382563128,1.0760847220006746,2.680050570805672,1.2570149436222207,0.010376598907664358,9.467940963701831e-05,1.6060282970061632,0.1812764644546492,2.4181079229249627,0.47984042567476,1.099479578732309,0.38205204965984807,0.10629631128019132,0.003164213085006366,163.0,0,161.5502284705501,19.266140945005887,162.16144810773883,0,4.183575695950044,3.01322934538235,0.1164389471763485,64.60000000000002,19.353020845789537,2.8967903982060017,3.1296682925586987,17.115907110666157,21.86639333148528,2.3752431104095617,2,3,45.246979154210486
161,7.952624184771623,5.10778077217433,4,6,3.1172692301841454,0.0503239909160535,50.0,20,9.0,5,1.0,4,9.0,3,5.0,2,9.0,1,5.0,5,9.0,3,4.0,5,4.032538300266093,1.136369547949335,8.816511355656697,0.1533997963064639,1.7920777687212166,0.9647969006335627,6.622140262933337,21.547837932580407,2.00185876166155,0.27232859986284286,5.484695065009728,8.295709897591369,4.483158146244543,5.415885347697113,1.0,1e-10,10.93353333777991,1.7249771104584166,9.146127382563128,1.0760847220006746,2.680050570805672,1.2570149436222207,0.010376598907664358,9.467940963701831e-05,1.6060282970061632,0.1812764644546492,2.4181079229249627,0.47984042567476,1.099479578732309,0.38205204965984807,0.10629631128019132,0.003164213085006366,167.0,0,151.11146576156145,18.706798656886285,168.58556129576348,0,2.0215475632609334,3.036572806953541,0.16949243505100986,6.550000000000001,19.833719563565435,2.867080371902531,3.206065242004551,16.58559976382596,23.68177808448301,3.5480891603285247,2,0,13.283719563565434
162,52.87998962402344,7.090272364670506,4,6,2.460675019421096,0.0075642978772521,50.0,40,1.0,5,1.0,4,9.0,3,5.0,2,9.0,1,3.0,5,9.0,3,9.0,5,1.0412756043872107,0.0011530061041305321,2.413686734442867,0.45946885621645966,1.7920777687212166,0.9647969006335627,6.622140262933337,21.547837932580407,2.528612266612977,3.7015618044091383,1.586546323883856,0.8292979727366028,4.483158146244543,5.415885347697113,2.836832823356769,0.5281315141242494,10.93353333777991,1.7249771104584166,9.146127382563128,1.0760847220006746,2.680050570805672,1.2570149436222207,0.010376598907664358,9.467940963701831e-05,1.6060282970061632,0.1812764644546492,2.4181079229249627,0.47984042567476,1.099479578732309,0.38205204965984807,0.10629631128019132,0.003164213085006366,142.0,0,51.46043099268301,9.418418102333758,76.81256030407526,0,1.8742606907397987,1.4963989932609798,0.3015236305841478,5.516,3.4655795005363577,1.194875362676832,1.7979226238451276,2.303146049562656,5.0370931155922785,1.3669735330148112,0,0,2.0504204994636424
163,23.096100433146542,5.257202491496161,6,6,1.6610024138646662,0.0173290022567283,10.0,60,2.0,5,1.0,4,6.0,3,5.0,2,10.0,1,5.0,5,6.0,3,2.0,5,3.777932023133202,1.0965509526340698,9.212787668211917,0.16133814199555416,9.319165300068715,0.24976375569080855,6.622140262933337,21.547837932580407,5.345771079354232,10.523361999053327,5.002661377935795,14.725335526694252,8.731709890661806,8.04279900732544,9.724578511394656,0.283295203999585,10.93353333777991,1.7249771104584166,9.146127382563128,1.0760847220006746,2.680050570805672,1.2570149436222207,0.010376598907664358,9.467940963701831e-05,1.6060282970061632,0.1812764644546492,2.4181079229249627,0.47984042567476,1.099479578732309,0.38205204965984807,0.10629631128019132,0.003164213085006366,105.0,0,181.9284831332372,23.26135422819782,82.10567315713598,0,3.903990833730882,4.388500791912799,0.3511726797839232,48.60000000000001,79.5196127916211,4.0373281121288755,4.739673471696722,55.674711850029674,113.3968417743124,28.861064962141366,4,2,30.91961279162109
164,76.83948069319129,5.439815894301804,6,6,6.033507059006311,0.0052059507614403,10.0,60,1.0,5,1.0,4,6.0,3,5.0,2,5.0,1,3.0,5,6.0,3,2.0,5,2.544594703569674,0.4127035675618463,7.654907974894587,1.06350286650364,9.319165300068715,0.24976375569080855,6.622140262933337,21.547837932580407,9.36295242443075,1.2191551460901338,3.715027425064737,2.849850509020594,8.731709890661806,8.04279900732544,9.724578511394656,0.283295203999585,10.93353333777991,1.7249771104584166,9.146127382563128,1.0760847220006746,2.680050570805672,1.2570149436222207,0.010376598907664358,9.467940963701831e-05,1.6060282970061632,0.1812764644546492,2.4181079229249627,0.47984042567476,1.099479578732309,0.38205204965984807,0.10629631128019132,0.003164213085006366,85.0,0,157.53325136240602,20.12383595724312,58.30578248847534,0,3.202746442938317,3.324452648204308,0.5575808659606774,23.599999999999998,26.783786974290933,2.766871782243631,3.882033514164985,14.908789929732132,47.5227865879411,16.306998329104484,2,1,3.1837869742909355
165,47.890827527280834,5.378546554658372,6,6,1.5601051582889678,0.0083524618907019,9.999999999999998,20,1.0,5,1.0,4,6.0,3,5.0,2,10.0,1,3.0,5,5.0,3,4.0,5,1.4896255095350839,0.1030504340826548,8.84457575795195,0.49345876241077397,9.319165300068715,0.24976375569080855,6.622140262933337,21.547837932580407,5.701221035688177,11.384090393327167,1.6088511896922972,1.9578123437115054,8.731709890661806,8.04279900732544,1.0,1e-10,10.93353333777991,1.7249771104584166,9.146127382563128,1.0760847220006746,2.680050570805672,1.2570149436222207,0.010376598907664358,9.467940963701831e-05,1.6060282970061632,0.1812764644546492,2.4181079229249627,0.47984042567476,1.099479578732309,0.38205204965984807,0.10629631128019132,0.003164213085006366,97.0,0,144.97836741444988,18.422039868236034,65.44903701733422,0,3.996364153861897,4.1145848024684435,0.48878069490319787,53.39999999999999,60.22678777346077,3.6258041075652456,4.603365497371641,36.554909208165896,98.81969388548772,31.132392338660914,2,3,6.826787773460779
166,45.21567866511959,5.407001112366533,6,6,3.31084891778254,0.0088480109041449,10.0,60,1.0,5,1.0,4,6.0,3,5.0,2,9.0,1,3.0,5,6.0,3,2.0,5,1.9642907808538075,0.2818987080168778,8.292073139455471,0.7581972588676469,9.319165300068715,0.24976375569080855,6.622140262933337,21.547837932580407,2.872770357597994,0.5090627030264953,1.8571639673158318,3.2433886064003703,8.731709890661806,8.04279900732544,9.724578511394656,0.283295203999585,10.93353333777991,1.7249771104584166,9.146127382563128,1.0760847220006746,2.680050570805672,1.2570149436222207,0.010376598907664358,9.467940963701831e-05,1.6060282970061632,0.1812764644546492,2.4181079229249627,0.47984042567476,1.099479578732309,0.38205204965984807,0.10629631128019132,0.003164213085006366,89.0,0,142.10014243720255,18.74352673309665,64.72989567649998,0,2.444084655267745,4.3513213045851575,0.31371875762931856,10.52,76.58090323609743,4.0376025469558385,4.6650400622144765,55.69026749917772,105.16983853561835,24.739785518220316,2,1,66.06090323609743
167,47.29458231745935,5.340237975215902,6,6,3.997735766569208,0.0084586398715146,10.0,60,1.0,5,1.0,4,6.0,3,5.0,2,9.0,1,3.0,5,6.0,3,2.0,5,1.5637522568026363,0.11865173206832788,9.533233640253185,0.15915824681544571,9.319165300068715,0.24976375569080855,6.622140262933337,21.547837932580407,5.96306216003973,1.349076157639424,1.662055511813489,2.2332641921667395,8.731709890661806,8.04279900732544,9.724578511394656,0.283295203999585,10.93353333777991,1.7249771104584166,9.146127382563128,1.0760847220006746,2.680050570805672,1.2570149436222207,0.010376598907664358,9.467940963701831e-05,1.6060282970061632,0.1812764644546492,2.4181079229249627,0.47984042567476,1.099479578732309,0.38205204965984807,0.10629631128019132,0.003164213085006366,89.0,0,153.56395595257337,17.434007999215464,64.72989567649998,0,5.929589143389895,4.079894283214415,0.5002561905009244,375.00000000000006,58.1392175114222,3.5796380927134903,4.58015047371534,34.86056030025622,96.52906866428178,30.83425418201278,2,4,316.86078248857785
168,21.64297587728846,5.074480299955206,6,6,2.5834151385538213,0.0184864813370182,10.0,60,4.0,5,1.0,4,6.0,3,5.0,2,9.0,1,5.0,5,6.0,3,2.0,5,3.861790550922799,1.111421447131175,8.82634663349381,0.14517609275798238,9.319165300068715,0.24976375569080855,6.622140262933337,21.547837932580407,2.096212299565127,2.654497589913934,5.177150791024304,13.864844460961388,8.731709890661806,8.04279900732544,9.724578511394656,0.283295203999585,10.93353333777991,1.7249771104584166,9.146127382563128,1.0760847220006746,2.680050570805672,1.2570149436222207,0.010376598907664358,9.467940963701831e-05,1.6060282970061632,0.1812764644546492,2.4181079229249627,0.47984042567476,1.099479578732309,0.38205204965984807,0.10629631128019132,0.003164213085006366,114.0,0,174.5139650922303,22.500234318515098,102.36671153568965,0,3.017982882488811,4.119159734497068,0.38196863250543367,19.450000000000003,60.507537882513475,3.737191101991635,4.501128367002502,40.97990712351497,89.11876098815118,24.069426932318105,4,1,41.05753788251347
169,12.592375524025847,4.891426590797648,4,6,10.49130928958285,0.0317769114167993,50.00000000000001,60,7.0,5,1.0,4,9.0,3,5.0,2,5.0,1,5.0,5,9.0,3,2.0,5,4.409920320135017,1.0700719009496502,8.924810201601451,0.13371692913657113,1.7920777687212166,0.9647969006335627,6.622140262933337,21.547837932580407,7.007735228165931,2.9935936267911742,8.238286536162263,5.169332987902319,4.483158146244543,5.415885347697109,9.724578511394656,0.283295203999585,10.93353333777991,1.7249771104584166,9.146127382563128,1.0760847220006746,2.680050570805672,1.2570149436222207,0.010376598907664358,9.467940963701831e-05,1.6060282970061632,0.1812764644546492,2.4181079229249627,0.47984042567476,1.099479578732309,0.38205204965984807,0.10629631128019132,0.003164213085006366,143.0,0,171.8535508199238,19.059935331727406,140.08178880961864,0,3.1126260250254902,3.2843820208145367,0.22306356406583827,21.479999999999997,25.692483817522398,3.0613184567486984,3.507445584880375,20.355695168996927,32.3629360557201,6.003620443361585,3,1,4.212483817522401
170,46.49353638673792,5.357788663651137,6,6,4.288114417404499,0.0086041706551234,10.0,60,1.0,5,1.0,4,6.0,3,5.0,2,9.0,1,3.0,5,6.0,3,2.0,5,1.663340359613671,0.1396118271089867,9.247632071586805,0.300329320328644,9.319165300068715,0.24976375569080855,6.622140262933337,21.547837932580407,7.269470582133553,1.7041884648045167,1.7349789807889489,2.6108069090780344,8.731709890661806,8.04279900732544,9.724578511394656,0.283295203999585,10.93353333777991,1.7249771104584166,9.146127382563128,1.0760847220006746,2.680050570805672,1.2570149436222207,0.010376598907664358,9.467940963701831e-05,1.6060282970061632,0.1812764644546492,2.4181079229249627,0.47984042567476,1.099479578732309,0.38205204965984807,0.10629631128019132,0.003164213085006366,89.0,0,154.31512317844812,17.87226932621637,64.72989567649998,0,3.703768066607687,4.1002995749592355,0.39320663524641986,39.60000000000001,59.358366744453875,3.7070929397128154,4.4935062102056555,39.735214509046614,88.4344728502391,24.349629170596245,2,2,19.758366744453866
171,17.239197542714226,5.026579505003898,4,6,0.884153075173992,0.0232151924390903,49.99999999999999,20,6.0,5,1.0,4,9.0,3,5.0,2,10.0,1,5.0,5,8.0,3,4.0,5,4.177409282347085,1.1105287133361887,8.840494109357353,0.13334677289656816,1.7920777687212166,0.9647969006335627,6.622140262933337,21.547837932580407,6.098650131142254,12.346472019973112,6.991790660626551,8.789203479923437,4.483158146244543,5.415885347697118,1.0,1e-10,10.93353333777991,1.7249771104584166,9.146127382563128,1.0760847220006746,2.680050570805672,1.2570149436222207,0.010376598907664358,9.467940963701831e-05,1.6060282970061632,0.1812764644546492,2.4181079229249627,0.47984042567476,1.099479578732309,0.38205204965984807,0.10629631128019132,0.003164213085006366,150.0,0,163.13864946083476,19.918641566965153,136.29151000069763,0,4.6913478822291435,3.415706486999072,0.33085467441250516,107.99999999999997,29.438446199588043,3.0848518125865665,3.7465611614115772,20.86422659881315,41.37510999339481,10.255441697290829,2,4,78.56155380041193
172,155.53316656045158,5.709519875419713,6,6,3.754219536568607,0.0025718087122721,10.0,60,1.0,5,1.0,4,6.0,3,5.0,2,9.0,1,3.0,5,6.0,3,2.0,5,9.766200315207652,0.013717204103974857,3.172915110513303,1.8168647202519217,9.319165300068715,0.24976375569080855,6.622140262933337,21.547837932580407,4.867486941702574,1.0512732371461062,6.09242197054513,5.106694873742964,8.731709890661806,8.04279900732544,9.724578511394656,0.283295203999585,10.93353333777991,1.7249771104584166,9.146127382563128,1.0760847220006746,2.680050570805672,1.2570149436222207,0.010376598907664358,9.467940963701831e-05,1.6060282970061632,0.1812764644546492,2.4181079229249627,0.47984042567476,1.099479578732309,0.38205204965984807,0.10629631128019132,0.003164213085006366,89.0,0,194.0269912170469,23.10372080624325,64.72989567649998,0,3.6913763343125234,4.508788310215064,0.37952078753177565,39.099999999999994,89.81171619021192,4.129267522683289,4.8883090977468395,61.132395692482554,131.7289525134049,35.298278410461165,4,2,50.71171619021193
173,40.05313996940331,5.374397625867155,6,6,2.4830245013582246,0.0099875077323799,10.0,60,2.0,5,1.0,4,6.0,3,5.0,2,9.0,1,3.0,5,6.0,3,2.0,5,3.1167861168616504,0.8159392329655515,8.92513557703659,0.4548575238549414,9.319165300068715,0.24976375569080855,6.622140262933337,21.547837932580407,2.4498774949553024,3.510904153803722,2.4281501156815306,6.199524193494354,8.731709890661806,8.04279900732544,9.724578511394656,0.283295203999585,10.93353333777991,1.7249771104584166,9.146127382563128,1.0760847220006746,2.680050570805672,1.2570149436222207,0.010376598907664358,9.467940963701831e-05,1.6060282970061632,0.1812764644546492,2.4181079229249627,0.47984042567476,1.099479578732309,0.38205204965984807,0.10629631128019132,0.003164213085006366,94.0,0,161.19258653555042,20.914337350372076,75.6634290142799,0,4.1728476237100445,4.09729275199321,0.3129311177720624,63.90000000000001,59.177152397394785,3.784361634221148,4.4102238697652725,43.00756866421464,81.28788321141629,19.140157273600824,2,3,4.722847602605228
174,38.22834441412585,5.347603896664103,6,6,2.176976981668502,0.0104638470251342,10.0,60,2.0,5,1.0,4,6.0,3,5.0,2,9.0,1,5.0,5,6.0,3,2.0,5,3.3168501605890786,0.8592600392774274,9.44538986093029,0.20557121772290504,9.319165300068715,0.24976375569080855,6.622140262933337,21.547837932580407,3.5280493132978576,6.121716397318038,2.666837167146432,7.435265706722831,8.731709890661806,8.04279900732544,9.724578511394656,0.283295203999585,10.93353333777991,1.7249771104584166,9.146127382563128,1.0760847220006746,2.680050570805672,1.2570149436222207,0.010376598907664358,9.467940963701831e-05,1.6060282970061632,0.1812764644546492,2.4181079229249627,0.47984042567476,1.099479578732309,0.38205204965984807,0.10629631128019132,0.003164213085006366,104.0,0,170.44705087869082,21.212059937738264,80.49964486012982,0,5.176149732573829,4.437429899521389,0.3238325152468047,175.99999999999994,83.55734130284507,4.113597384274584,4.7612624147681935,60.16636116733646,115.89340074759885,27.863519790131193,3,4,92.44265869715487
175,38.5524367602345,5.350636805441432,6,6,7.488411192131461,0.010375599303125,10.0,20,2.0,5,1.0,4,6.0,3,5.0,2,5.0,1,5.0,5,6.0,3,4.0,5,3.281317837466039,0.851566058594315,9.386499820947181,0.23378911229839017,9.319165300068715,0.24976375569080855,6.622140262933337,21.547837932580407,9.409092191107202,0.5987566798440431,2.62261745047541,7.2063293682905005,8.731709890661806,8.04279900732544,1.0,1e-10,10.93353333777991,1.7249771104584166,9.146127382563128,1.0760847220006746,2.680050570805672,1.2570149436222207,0.010376598907664358,9.467940963701831e-05,1.6060282970061632,0.1812764644546492,2.4181079229249627,0.47984042567476,1.099479578732309,0.38205204965984807,0.10629631128019132,0.003164213085006366,110.0,0,177.9307439492076,21.156345328465495,74.28812429466555,0,5.869296913133774,4.027469077409013,0.3055455782050398,352.99999999999994,55.11869927552119,3.7219234992039736,4.333014655614053,40.3438425228163,75.1735778825682,17.414867679875947,4,4,297.88130072447876
176,36.386187689680256,5.340642461485696,6,6,5.267778752282074,0.0109943533075474,10.0,60,2.0,5,1.0,4,6.0,3,5.0,2,9.0,1,5.0,5,6.0,3,2.0,5,3.518817620673242,0.9029930012659793,9.534794611419908,0.15914762800972018,9.319165300068715,0.24976375569080855,6.622140262933337,21.547837932580407,8.666902407910381,1.523832260538896,2.932666550233095,8.811529739899386,8.731709890661806,8.04279900732544,9.724578511394656,0.283295203999585,10.93353333777991,1.7249771104584166,9.146127382563128,1.0760847220006746,2.680050570805672,1.2570149436222207,0.010376598907664358,9.467940963701831e-05,1.6060282970061632,0.1812764644546492,2.4181079229249627,0.47984042567476,1.099479578732309,0.38205204965984807,0.10629631128019132,0.003164213085006366,104.0,0,182.3689236947456,21.535224929624768,80.49964486012982,0,4.075841090657541,4.106344368189214,0.32733469813542815,57.89999999999998,59.72432554944736,3.779009670053786,4.433679066324642,42.772670876593565,83.2407748851131,20.234052004259766,4,3,1.82432554944738
177,43.1298933647173,5.359896792384459,6,6,4.844590634603552,0.0092758977330913,10.0,60,2.0,5,1.0,4,6.0,3,5.0,2,9.0,1,3.0,5,6.0,3,2.0,5,2.4783376113413227,0.5316291405209275,9.206698501041295,0.31994314940029533,9.319165300068715,0.24976375569080855,6.622140262933337,21.547837932580407,8.138747741353715,1.6363142477889672,2.0715721572666084,4.353432488011236,8.731709890661806,8.04279900732544,9.724578511394656,0.283295203999585,10.93353333777991,1.7249771104584166,9.146127382563128,1.0760847220006746,2.680050570805672,1.2570149436222207,0.010376598907664358,9.467940963701831e-05,1.6060282970061632,0.1812764644546492,2.4181079229249627,0.47984042567476,1.099479578732309,0.38205204965984807,0.10629631128019132,0.003164213085006366,94.0,0,165.06154149247084,19.646586243534458,75.6634290142799,0,4.51085950651685,4.06648966004075,0.2623528597196838,89.99999999999997,57.351768108120446,3.804136800321066,4.328842519760434,43.88648738393438,74.85643341213068,15.484973014098152,2,3,32.648231891879526
178,181.22774303192327,6.193701027910522,6,6,3.793482671984627,0.0022071755245042,10.000000000000002,60,1.0,5,1.0,4,6.0,3,5.0,2,9.0,1,3.0,5,6.0,3,2.0,5,9.349182933294609,0.10863243862221786,1.7652119188661506,0.5105956754455128,9.319165300068715,0.24976375569080855,6.622140262933337,21.547837932580407,5.0441310945621245,1.0992892416423428,6.421514682904462,5.419100332387306,8.731709890661806,8.04279900732544,9.724578511394656,0.283295203999585,10.93353333777991,1.7249771104584166,9.146127382563128,1.0760847220006746,2.680050570805672,1.2570149436222207,0.010376598907664358,9.467940963701831e-05,1.6060282970061632,0.1812764644546492,2.4181079229249627,0.47984042567476,1.099479578732309,0.38205204965984807,0.10629631128019132,0.003164213085006366,89.0,0,177.67196226494752,20.466311301267474,64.72989567649998,0,3.7977338590260183,3.990931998005119,0.1909529667850447,43.6,53.10529189626183,3.7999790312200745,4.181884964790164,43.70024717382803,64.48918174424948,10.394467285210723,4,2,9.50529189626183
179,171.62711240841728,6.191171122054292,6,6,3.279875036366989,0.0023306611434063,10.0,60,1.0,5,1.0,4,6.0,3,5.0,2,9.0,1,3.0,5,6.0,3,2.0,5,9.741895837637589,0.02919798688743372,1.7577797629225993,0.5090798024008394,9.319165300068715,0.24976375569080855,6.622140262933337,21.547837932580407,2.7334194121004076,0.4711838628993216,6.310065098431284,5.313302004908551,8.731709890661806,8.04279900732544,9.724578511394656,0.283295203999585,10.93353333777991,1.7249771104584166,9.146127382563128,1.0760847220006746,2.680050570805672,1.2570149436222207,0.010376598907664358,9.467940963701831e-05,1.6060282970061632,0.1812764644546492,2.4181079229249627,0.47984042567476,1.099479578732309,0.38205204965984807,0.10629631128019132,0.003164213085006366,89.0,0,177.9171609802936,20.395451107644114,64.72989567649998,0,5.017279836814924,4.381838614926556,0.4031604958861579,150.0,78.98495983418235,3.9786781190403984,4.784999110812714,52.446337815346446,118.70125664697599,33.12745941581477,4,4,71.01504016581765
180,37.83281631862425,5.347766068089235,4,6,4.1668395876483135,0.0105740515956699,50.0,20,2.0,5,1.0,4,9.0,3,5.0,2,9.0,1,5.0,5,9.0,3,4.0,5,3.360214443215154,0.8686499109080192,9.442240975681417,0.2070800452259678,1.7920777687212166,0.9647969006335627,6.622140262933337,21.547837932580407,6.723857264743555,1.5558780278220097,2.7220591578560875,7.721163521221884,4.483158146244543,5.415885347697113,1.0,1e-10,10.93353333777991,1.7249771104584166,9.146127382563128,1.0760847220006746,2.680050570805672,1.2570149436222207,0.010376598907664358,9.467940963701831e-05,1.6060282970061632,0.1812764644546492,2.4181079229249627,0.47984042567476,1.099479578732309,0.38205204965984807,0.10629631128019132,0.003164213085006366,132.0,0,150.38690470762435,17.96365222222693,92.05082793130416,0,3.7796338173824005,3.790474698074429,0.44225049389045146,42.8,43.27741369109479,3.3482242041839774,4.232725191964881,27.452163523011095,67.90475522491548,20.22629585095219,2,2,0.4774136910947959
181,205.41674295068995,6.241946053939886,6,6,3.341828196768855,0.00194728369517,9.999999999999998,60,1.0,5,1.0,4,6.0,3,5.0,2,9.0,1,3.0,5,5.0,3,2.0,5,9.299522786688517,0.13059317756421315,1.9069423141170025,0.5395032074461158,9.319165300068715,0.24976375569080855,6.622140262933337,21.547837932580407,3.0121455866711266,0.5469481439964012,6.656075084713148,5.641766915860089,8.731709890661806,8.04279900732544,9.724578511394656,0.283295203999585,10.93353333777991,1.7249771104584166,9.146127382563128,1.0760847220006746,2.680050570805672,1.2570149436222207,0.010376598907664358,9.467940963701831e-05,1.6060282970061632,0.1812764644546492,2.4181079229249627,0.47984042567476,1.099479578732309,0.38205204965984807,0.10629631128019132,0.003164213085006366,86.0,0,175.72905178665476,20.524559313423,63.63041609776767,0,3.983413001514819,4.121241180585116,0.3080237432111286,52.7,60.63569583729182,3.8132174373739876,4.429264923796245,44.29594152310303,82.86974359302161,19.28690103495929,4,3,7.935695837291817
182,43.49131358127302,5.38907183252358,6,6,5.32340771201208,0.0091986653376715,10.0,60,2.0,5,1.0,4,6.0,3,5.0,2,9.0,1,3.0,5,6.0,3,2.0,5,2.389264725096153,0.4883564091526704,8.64020626324486,0.591384945815371,9.319165300068715,0.24976375569080855,6.622140262933337,21.547837932580407,8.736329439175506,1.5090462689722837,2.0328720688616997,4.153072621340419,8.731709890661806,8.04279900732544,9.724578511394656,0.283295203999585,10.93353333777991,1.7249771104584166,9.146127382563128,1.0760847220006746,2.680050570805672,1.2570149436222207,0.010376598907664358,9.467940963701831e-05,1.6060282970061632,0.1812764644546492,2.4181079229249627,0.47984042567476,1.099479578732309,0.38205204965984807,0.10629631128019132,0.003164213085006366,94.0,0,159.77260207918258,19.80269489434989,75.6634290142799,0,3.720862499966987,4.131363880263686,0.266265371817735,40.29999999999999,61.26278403372287,3.8650985084459513,4.397629252081421,46.70797183938466,80.25799790192916,16.77501303127225,2,2,20.962784033722883
183,43.38370573316983,5.387303879510953,6,6,5.076222980958212,0.0092204304442158,10.0,60,2.0,5,1.0,4,6.0,3,5.0,2,9.0,1,3.0,5,6.0,3,2.0,5,2.4157849394453272,0.5012402637097313,8.674534636185095,0.5749360792692904,9.319165300068715,0.24976375569080855,6.622140262933337,21.547837932580407,8.427833610124772,1.5747471443166494,2.043778263636939,4.209536671452919,8.731709890661806,8.04279900732544,9.724578511394656,0.283295203999585,10.93353333777991,1.7249771104584166,9.146127382563128,1.0760847220006746,2.680050570805672,1.2570149436222207,0.010376598907664358,9.467940963701831e-05,1.6060282970061632,0.1812764644546492,2.4181079229249627,0.47984042567476,1.099479578732309,0.38205204965984807,0.10629631128019132,0.003164213085006366,94.0,0,159.90745272367295,19.81745254415119,75.6634290142799,0,4.091005660956586,4.113616056117391,0.3441508783942724,58.80000000000002,60.16750326667977,3.7694651777231187,4.457766934511664,42.35687041380452,85.29459230267751,21.468860944436496,2,3,1.3675032666797549
184,41.95200193673927,5.3945318317596165,6,6,6.141343250614739,0.0095356204802944,14.95046479919008,60,2.0,5,1.0,4,6.0,3,5.0,2,5.0,1,3.0,5,6.0,3,2.0,5,2.7686318017806424,0.672657718915372,8.534189367609418,0.6421842589949717,9.319165300068715,0.24976375569080855,6.622140262933337,21.547837932580407,9.382961610492101,1.1458518264021862,2.201715644632132,5.0272172996584334,8.65235052276916,8.353762853047991,9.724578511394656,0.283295203999585,10.93353333777991,1.7249771104584166,9.146127382563128,1.0760847220006746,2.680050570805672,1.2570149436222207,0.010376598907664358,9.467940963701831e-05,1.6060282970061632,0.1812764644546492,2.4181079229249627,0.47984042567476,1.099479578732309,0.38205204965984807,0.10629631128019132,0.003164213085006366,90.0,0,164.31031817599825,20.647865409247494,69.23931582625524,0,3.937690752176724,3.9968396686038066,0.3610955228593118,50.300000000000004,53.425874153242994,3.6357441457444946,4.357935191463119,36.93006789641782,77.09571513117162,20.0828236173769,2,3,3.1258741532429895
185,217.1662522760254,6.242236008855089,6,6,5.894835546732471,0.0018419284021028,10.0,60,1.0,5,1.0,4,6.0,3,5.0,2,9.0,1,3.0,5,6.0,3,2.0,5,9.299522786688517,0.13059317756421315,1.9077941205749716,0.53967694309681,9.319165300068715,0.24976375569080855,6.622140262933337,21.547837932580407,9.337221692947097,1.313419252084637,6.751161490229716,5.732031789589077,8.731709890661806,8.04279900732544,9.724578511394656,0.283295203999585,10.93353333777991,1.7249771104584166,9.146127382563128,1.0760847220006746,2.680050570805672,1.2570149436222207,0.010376598907664358,9.467940963701831e-05,1.6060282970061632,0.1812764644546492,2.4181079229249627,0.47984042567476,1.099479578732309,0.38205204965984807,0.10629631128019132,0.003164213085006366,89.0,0,186.12502291496347,20.94162594791765,64.72989567649998,0,4.018183201256536,4.1671307096319685,0.3267405308220883,54.59999999999998,63.53003082497009,3.84039017880988,4.493871240454057,45.54363123600345,88.46712509724563,21.46174693062109,4,3,8.93003082497011
186,215.03279477685655,6.245407222056373,6,6,4.399881345652741,0.0018601999086302,10.0,60,1.0,5,1.0,4,6.0,3,5.0,2,9.0,1,3.0,5,6.0,3,2.0,5,9.299522786688517,0.13059317756421315,1.9171102581633142,0.5415770757040774,9.319165300068715,0.24976375569080855,6.622140262933337,21.547837932580407,7.583733844675988,1.754516490432634,6.7346708913382605,5.716377376967566,8.731709890661806,8.04279900732544,9.724578511394656,0.283295203999585,10.93353333777991,1.7249771104584166,9.146127382563128,1.0760847220006746,2.680050570805672,1.2570149436222207,0.010376598907664358,9.467940963701831e-05,1.6060282970061632,0.1812764644546492,2.4181079229249627,0.47984042567476,1.099479578732309,0.38205204965984807,0.10629631128019132,0.003164213085006366,89.0,0,183.3542023454469,20.8401027013575,64.72989567649998,0,3.6428355156125294,3.9795737211084847,0.2720855095827277,37.199999999999996,52.49422590716162,3.707488211525757,4.251659230691212,39.7513191737865,69.22182995359816,14.73525538990583,4,2,15.294225907161625
187,199.93799421220936,6.313006037754285,6,6,6.566816703200257,0.0020006390069311,10.0,60,1.0,5,1.0,4,6.0,3,5.0,2,5.0,1,3.0,5,6.0,3,2.0,5,9.299522786688517,0.13059317756421315,2.0977366827875388,0.5809654709290727,9.319165300068715,0.24976375569080855,6.622140262933337,21.547837932580407,9.461908922614017,0.8566296640797035,6.607920268159766,5.596053878207443,8.731709890661806,8.04279900732544,9.724578511394656,0.283295203999585,10.93353333777991,1.7249771104584166,9.146127382563128,1.0760847220006746,2.680050570805672,1.2570149436222207,0.010376598907664358,9.467940963701831e-05,1.6060282970061632,0.1812764644546492,2.4181079229249627,0.47984042567476,1.099479578732309,0.38205204965984807,0.10629631128019132,0.003164213085006366,85.0,0,187.71614026947364,20.98470056085534,58.30578248847534,0,3.8088822465086327,3.9232527572394913,0.17023179196129767,44.1,49.56465210819987,3.7530209652781936,4.093484549200789,41.64973093652127,58.94842140103372,8.649345232256223,4,2,5.464652108199871
188,114.83901146912372,5.694935593332283,6,6,5.786362214826545,0.0034835877389148,10.0,60,1.0,5,1.0,4,6.0,3,5.0,2,9.0,1,3.0,5,6.0,3,2.0,5,8.727072394002326,0.5043426163055192,3.3933680996560924,1.8270968568527222,9.319165300068715,0.24976375569080855,6.622140262933337,21.547837932580407,9.31411404807756,1.3859945094649477,5.269513241948556,4.325513251893675,8.731709890661806,8.04279900732544,9.724578511394656,0.283295203999585,10.93353333777991,1.7249771104584166,9.146127382563128,1.0760847220006746,2.680050570805672,1.2570149436222207,0.010376598907664358,9.467940963701831e-05,1.6060282970061632,0.1812764644546492,2.4181079229249627,0.47984042567476,1.099479578732309,0.38205204965984807,0.10629631128019132,0.003164213085006366,89.0,0,189.8334694115067,23.76842026503585,64.72989567649998,0,5.3612921657094255,3.908063748428978,0.20250344597394432,212.00000000000009,48.802428526251205,3.7055603024550336,4.110567194402923,39.67283002019392,59.98129601212672,10.1542329959664,4,4,163.1975714737489
189,105.33371533110709,5.646909969504799,6,6,6.011422536326563,0.0037980477192336,10.0,50,1.0,5,1.0,4,6.0,3,5.0,2,5.0,1,3.0,5,6.0,3,8.0,5,8.261125032935729,0.6536484626445103,4.11931348831126,1.8607909900569208,9.319165300068715,0.24976375569080855,6.622140262933337,21.547837932580407,9.358854604238994,1.2341674420735425,4.985703398733055,4.056094510889448,8.731709890661806,8.04279900732544,4.79034413280735,1.192116773086885,10.93353333777991,1.7249771104584166,9.146127382563128,1.0760847220006746,2.680050570805672,1.2570149436222207,0.010376598907664358,9.467940963701831e-05,1.6060282970061632,0.1812764644546492,2.4181079229249627,0.47984042567476,1.099479578732309,0.38205204965984807,0.10629631128019132,0.003164213085006366,115.0,0,190.2396882583588,23.96645061817495,58.94356035615649,0,4.087655574071304,4.011479134340748,0.2266250276771431,58.6,54.22850054947401,3.784854106663605,4.2381041620178905,43.02924651647558,68.27639045110348,12.62357196731395,4,3,4.371499450525988
190,52.87998962402344,7.122045542323815,4,6,12.330030470480263,0.0075642978772521,48.209876540521705,60,1.0,5,1.0,4,9.0,3,5.0,2,3.0,1,3.0,5,8.0,3,2.0,5,1.0412756043872107,0.0011530061041305321,2.565451834346554,0.4287491125757936,1.7920777687212166,0.9647969006335627,6.622140262933337,21.547837932580407,6.197593792573362,3.474390575432001,1.586546323883856,0.8292979727366028,3.3308946255823724,2.535622730077181,9.724578511394656,0.283295203999585,10.93353333777991,1.7249771104584166,9.146127382563128,1.0760847220006746,2.680050570805672,1.2570149436222207,0.010376598907664358,9.467940963701831e-05,1.6060282970061632,0.1812764644546492,2.4181079229249627,0.47984042567476,1.099479578732309,0.38205204965984807,0.10629631128019132,0.003164213085006366,98.0,0,58.206233829903,9.247544977468376,65.33283676434465,0,1.6845453849209058,2.1413373414430383,0.411184432275832,4.39,7.51081188300524,1.7301529091672063,2.5525217737188703,4.6415164820659855,11.83944115703037,3.598962337482192,0,0,3.1208118830052403
191,81.67899064720078,5.609657952746151,6,6,6.583765071819655,0.0048976032249441,10.0,60,1.0,5,1.0,4,6.0,3,5.0,2,5.0,1,3.0,5,6.0,3,2.0,5,2.7815146634840824,0.785477791276066,4.682407262609508,1.8869265051165427,9.319165300068715,0.24976375569080855,6.622140262933337,21.547837932580407,9.465053720812874,0.8451087482854205,3.9933205989692593,3.114032313618877,8.731709890661806,8.04279900732544,9.724578511394656,0.283295203999585,10.93353333777991,1.7249771104584166,9.146127382563128,1.0760847220006746,2.680050570805672,1.2570149436222207,0.010376598907664358,9.467940963701831e-05,1.6060282970061632,0.1812764644546492,2.4181079229249627,0.47984042567476,1.099479578732309,0.38205204965984807,0.10629631128019132,0.003164213085006366,85.0,0,133.77367398306188,21.979155906704356,58.30578248847534,0,3.6428355156125294,3.5843722992898615,0.527334369111679,37.199999999999996,35.03073410178931,3.0570379301781827,4.11170666840154,20.26447691874808,60.05082221746339,19.893172649357656,1,2,2.169265898210689
192,51.69359295007663,7.165864855576081,4,6,1.6878150223881754,0.0077379072645195,50.0,40,1.0,5,1.0,4,9.0,3,5.0,2,10.0,1,3.0,5,9.0,3,9.0,5,1.016855872529918,0.003547619546980435,2.774755496888738,0.38638262080378005,1.7920777687212166,0.9647969006335627,6.622140262933337,21.547837932580407,5.251313202631012,10.294630569748804,1.4298584905667262,0.6805552853629058,4.483158146244543,5.415885347697113,2.836832823356769,0.5281315141242494,10.93353333777991,1.7249771104584166,9.146127382563128,1.0760847220006746,2.680050570805672,1.2570149436222207,0.010376598907664358,9.467940963701831e-05,1.6060282970061632,0.1812764644546492,2.4181079229249627,0.47984042567476,1.099479578732309,0.38205204965984807,0.10629631128019132,0.003164213085006366,143.0,0,58.48966459187606,10.225327655402886,78.41858860108142,0,0.9001613499442714,1.234901482910293,0.32174617576342435,1.46,2.438039798345198,0.9131553071468685,1.5566476586737172,1.4921737139587827,3.7428947624318685,1.1253605242365428,0,0,0.9780397983451978
193,52.74100615665968,7.15414888145124,4,6,6.150339970100971,0.0075842321857776,50.0,20,1.0,5,1.0,4,9.0,3,5.0,2,5.0,1,3.0,5,9.0,3,4.0,5,1.0358163875251547,0.0010005065850259335,2.718793955901971,0.39771015390553466,1.7920777687212166,0.9647969006335627,6.622140262933337,21.547837932580407,9.384630966869183,1.1397361671341293,1.568554994839391,0.8122189272558868,4.483158146244543,5.415885347697113,1.0,1e-10,10.93353333777991,1.7249771104584166,9.146127382563128,1.0760847220006746,2.680050570805672,1.2570149436222207,0.010376598907664358,9.467940963701831e-05,1.6060282970061632,0.1812764644546492,2.4181079229249627,0.47984042567476,1.099479578732309,0.38205204965984807,0.10629631128019132,0.003164213085006366,113.0,0,64.9634984844757,9.655606233938332,69.85696555964965,0,1.9213246735826988,1.9883773883065856,0.385803332168813,5.83,6.303673116896538,1.6025740561377726,2.3741807204753984,3.965798230810292,9.742208708260959,2.8882052387253334,0,0,0.47367311689653757
194,52.88014620438048,7.069497513094392,4,6,3.5369844576358123,0.0075642756354315,50.0,60,1.0,5,1.0,4,9.0,3,5.0,2,9.0,1,3.0,5,9.0,3,2.0,5,1.041281754803096,0.0011531779118253839,2.3144553179526497,0.4795549213105702,1.7920777687212166,0.9647969006335627,6.622140262933337,21.547837932580407,3.8901501579009445,0.78561028342995,1.5865663978138071,0.8293170287808653,4.483158146244543,5.415885347697113,9.724578511394656,0.283295203999585,10.93353333777991,1.7249771104584166,9.146127382563128,1.0760847220006746,2.680050570805672,1.2570149436222207,0.010376598907664358,9.467940963701831e-05,1.6060282970061632,0.1812764644546492,2.4181079229249627,0.47984042567476,1.099479578732309,0.38205204965984807,0.10629631128019132,0.003164213085006366,107.0,0,53.47177394434654,9.176938098151744,76.06848612511392,0,1.161587087829498,2.077042914259624,0.3773488785870486,2.195,6.980833975902944,1.6996940356725756,2.4543917928466725,4.472272815288524,10.639352258348355,3.0835397215299154,0,0,4.7858339759029445
195,52.88000389381691,7.126600265531942,4,6,2.429563284351292,0.0075642961353339,50.0,60,1.0,5,1.0,4,9.0,3,5.0,2,9.0,1,3.0,5,9.0,3,2.0,5,1.0412761648991813,0.0011530217616521345,2.5872075438401883,0.42434540039961227,1.7920777687212166,0.9647969006335627,6.622140262933337,21.547837932580407,2.6382154942621003,3.966967970482848,1.586547896018824,0.8292994651535643,4.483158146244543,5.415885347697113,9.724578511394656,0.283295203999585,10.93353333777991,1.7249771104584166,9.146127382563128,1.0760847220006746,2.680050570805672,1.2570149436222207,0.010376598907664358,9.467940963701831e-05,1.6060282970061632,0.1812764644546492,2.4181079229249627,0.47984042567476,1.099479578732309,0.38205204965984807,0.10629631128019132,0.003164213085006366,107.0,0,53.95565219364688,9.368056849134891,76.06848612511392,0,1.3228219381643171,1.9746172602796443,0.35585195362344324,2.7540000000000004,6.203861922009871,1.618765306656201,2.3304692139030876,4.046855149636052,9.282765217687324,2.617955034025636,0,0,3.4498619220098705
196,52.87999725341797,7.08675558959673,4,6,9.049658688053968,0.0075642969459295,50.0,60,1.0,5,1.0,4,9.0,3,5.0,2,5.0,1,3.0,5,9.0,3,2.0,5,1.0412759040668782,0.0011530144754787158,2.3968888010968823,0.4628690332427268,1.7920777687212166,0.9647969006335627,6.622140262933337,21.547837932580407,8.205772228736457,1.898391682550635,1.5865471644312628,0.8292987706625015,4.483158146244543,5.415885347697113,9.724578511394656,0.283295203999585,10.93353333777991,1.7249771104584166,9.146127382563128,1.0760847220006746,2.680050570805672,1.2570149436222207,0.010376598907664358,9.467940963701831e-05,1.6060282970061632,0.1812764644546492,2.4181079229249627,0.47984042567476,1.099479578732309,0.38205204965984807,0.10629631128019132,0.003164213085006366,103.0,0,61.15662176910403,9.776055112435335,69.64437293708927,0,1.0750024230289759,1.9922168554431114,0.3314395888366113,1.9299999999999997,6.331769232345838,1.6607772666065002,2.323656444279723,4.263400320240092,9.212949197434606,2.4747744385972568,0,0,4.401769232345838
197,52.396164888884826,7.220463077927773,4,6,4.544756187942596,0.0076341475427944,50.00000000000001,90,1.0,5,1.0,4,9.0,3,5.0,2,9.0,1,3.0,5,9.0,3,3.0,5,1.0222711558549584,0.0006221297284070976,3.0355447940809013,0.33359459273239267,1.7920777687212166,0.9647969006335627,6.622140262933337,21.547837932580407,7.764543089608935,1.7160092415696524,1.5235048436735044,0.7694531271988838,4.483158146244543,5.415885347697109,8.90687197921755,4.901246850353492,10.93353333777991,1.7249771104584166,9.146127382563128,1.0760847220006746,2.680050570805672,1.2570149436222207,0.010376598907664358,9.467940963701831e-05,1.6060282970061632,0.1812764644546492,2.4181079229249627,0.47984042567476,1.099479578732309,0.38205204965984807,0.10629631128019132,0.003164213085006366,112.0,0,65.84207298013554,9.282871789138646,76.17478243639411,0,2.605648267484129,2.0019982610631195,0.40427239421787564,12.540000000000001,6.403836124282824,1.5977258668452439,2.406270655280995,3.941781367192228,10.09251609534085,3.075367364074311,0,1,6.136163875717177
198,12.30717206894004,9.647666318230195,3,6,12.41617779061471,0.032502717357412,40.0,60,8.0,5,1.0,4,7.0,3,5.0,2,3.0,1,5.0,5,8.0,3,2.0,5,4.3865859138586725,1.0726253114867768,7.417227578943394,2.8440419129137724,1.5260659960672207,0.7269947167029547,6.622140262933337,21.547837932580407,6.147807459348967,3.5222077012693345,8.119597414690768,5.349706567483433,3.840421925128728,6.380561429790441,9.724578511394656,0.283295203999585,10.93353333777991,1.7249771104584166,9.146127382563128,1.0760847220006746,2.680050570805672,1.2570149436222207,0.010376598907664358,9.467940963701831e-05,1.6060282970061632,0.1812764644546492,2.4181079229249627,0.47984042567476,1.099479578732309,0.38205204965984807,0.10629631128019132,0.003164213085006366,137.0,0,154.72220881654746,23.64708073704332,141.34368483304257,0,4.711150509525323,3.2956850716237107,0.4559243799341437,110.17999999999998,25.995901862768275,2.839760691689567,3.7516094515578544,16.111670082271154,41.589572723195474,12.73895132046216,2,4,84.1840981372317
199,14.846271790071889,6.514212316203377,1,6,5.920767586713948,0.026943234445082,50.0,60,7.0,5,1.0,4,5.0,3,5.0,2,9.0,1,5.0,5,9.0,3,2.0,5,4.39337210820317,1.076807006747172,2.477440503373851,0.6475733174563146,2.3873388306664673,0.6926300514182241,6.622140262933337,21.547837932580407,9.342033426421736,1.2957915466865704,9.028724918033078,3.968092313030675,4.483158146244543,5.415885347697113,9.724578511394656,0.283295203999585,10.93353333777991,1.7249771104584166,9.146127382563128,1.0760847220006746,2.680050570805672,1.2570149436222207,0.010376598907664358,9.467940963701831e-05,1.6060282970061632,0.1812764644546492,2.4181079229249627,0.47984042567476,1.099479578732309,0.38205204965984807,0.10629631128019132,0.003164213085006366,135.0,0,119.959799873299,18.191999538209153,135.78569971442062,0,3.0587070727153796,3.2146793365096977,0.4347458132872448,20.300000000000004,23.895307614865665,2.7799335232224527,3.6494251497969428,15.117949443073195,37.45255523525306,11.167302896089932,1,1,3.5953076148656606
200,52.87998962402344,7.1910160878810645,4,6,10.029845219240572,0.0078487804974034,47.03703703931195,60,1.0,5,1.0,4,9.0,3,5.0,2,5.0,1,3.0,5,8.0,3,2.0,5,1.0412756043872107,0.0011530061041305321,2.8948907671193846,0.3620652730997975,1.7920777687212166,0.9647969006335627,6.622140262933337,21.547837932580407,7.232719098969802,2.872009506961493,1.3564633886587094,0.6511386835548054,3.5594004539823616,6.06862856025994,9.724578511394656,0.283295203999585,10.93353333777991,1.7249771104584166,9.146127382563128,1.0760847220006746,2.680050570805672,1.2570149436222207,0.010376598907664358,9.467940963701831e-05,1.6060282970061632,0.1812764644546492,2.4181079229249627,0.47984042567476,1.099479578732309,0.38205204965984807,0.10629631128019132,0.003164213085006366,100.0,0,62.576636930188165,9.292294252655736,68.54489335835697,0,1.000631880307906,1.7572252995326838,0.3822371017284051,1.72,4.79633197583722,1.3749881978042788,2.1394624012610888,2.955030044606455,7.494869569936763,2.269919762665154,0,0,3.0763319758372205
201,52.87998962402344,7.162358014673192,4,6,8.452715504259537,0.0075642978772521,50.0,60,1.0,5,1.0,4,9.0,3,5.0,2,5.0,1,3.0,5,9.0,3,2.0,5,1.0412756043872107,0.0011530061041305321,2.7580050142715895,0.3897731930248164,1.7920777687212166,0.9647969006335627,6.622140262933337,21.547837932580407,8.731386930305392,1.3539911483814657,1.586546323883856,0.8292979727366028,4.483158146244543,5.415885347697113,9.724578511394656,0.283295203999585,10.93353333777991,1.7249771104584166,9.146127382563128,1.0760847220006746,2.680050570805672,1.2570149436222207,0.010376598907664358,9.467940963701831e-05,1.6060282970061632,0.1812764644546492,2.4181079229249627,0.47984042567476,1.099479578732309,0.38205204965984807,0.10629631128019132,0.003164213085006366,103.0,0,65.3035834296589,9.574414816692565,69.64437293708927,0,1.1387940783009416,2.2012306110676976,0.4381969452255914,2.123,8.036126617493206,1.7630336658421062,2.639427556293289,4.830097160556293,13.005184133085399,4.087543486264552,0,0,5.913126617493206
202,11.974026983595166,9.85046063489922,3,6,15.626553437530996,0.0334061359502261,40.0,60,8.0,5,1.0,4,7.0,3,5.0,2,3.0,1,5.0,5,8.0,3,2.0,5,4.359329081475398,1.0756079407507018,7.425421153479635,2.8529607177200615,1.5260659960672207,0.7269947167029547,6.622140262933337,21.547837932580407,4.375357684040496,3.4644452441651894,8.003533417528171,5.527009602272105,3.840421925128728,6.380561429790441,9.724578511394656,0.283295203999585,10.93353333777991,1.7249771104584166,9.146127382563128,1.0760847220006746,2.680050570805672,1.2570149436222207,0.010376598907664358,9.467940963701831e-05,1.6060282970061632,0.1812764644546492,2.4181079229249627,0.47984042567476,1.099479578732309,0.38205204965984807,0.10629631128019132,0.003164213085006366,137.0,0,151.3718750421568,23.59269784523812,141.34368483304257,0,2.325324579963535,3.622307581352343,0.361343968171455,9.23,36.423826783810554,3.2609636131808877,3.983651549523798,25.074650917904105,52.71281155610702,13.819080319101458,2,0,27.193826783810554
203,9.595342108042702,8.296103867701142,9,6,44.49341495285089,0.041687468234555,2.0,60,8.0,5,1.0,4,6.0,3,5.0,2,1.0,1,5.0,5,4.0,3,2.0,5,4.164712928340658,1.0969041730278024,5.526843666903936,1.9822126145113568,9.09996886432829,0.14026651050520966,6.622140262933337,21.547837932580407,4.8623617052548225,4.409881146480948,7.226130911000353,6.351594071033339,6.599447599023525,8.253061810169577,9.724578511394656,0.283295203999585,10.93353333777991,1.7249771104584166,9.146127382563128,1.0760847220006746,2.680050570805672,1.2570149436222207,0.010376598907664358,9.467940963701831e-05,1.6060282970061632,0.1812764644546492,2.4181079229249627,0.47984042567476,1.099479578732309,0.38205204965984807,0.10629631128019132,0.003164213085006366,120.0,0,154.1136354753444,23.866543860116035,131.05365935329533,0,3.784189633918261,3.055842404017395,0.29475417080979494,42.99999999999999,20.239069870717696,2.7610882332076,3.3505965748271898,14.817046220920101,27.5197427302572,6.351348254668549,2,2,22.760930129282297
204,52.87998962402344,7.329872144580796,3,6,5.914580763766127,0.0075642978772521,40.0,60,1.0,5,1.0,4,7.0,3,5.0,2,9.0,1,3.0,5,8.0,3,2.0,5,1.0412756043872107,0.0011530061041305321,3.662224641219078,0.6370933487327906,1.5260659960672207,0.7269947167029547,6.622140262933337,21.547837932580407,9.340885451056089,1.299997135307909,1.586546323883856,0.8292979727366028,3.840421925128728,6.380561429790441,9.724578511394656,0.283295203999585,10.93353333777991,1.7249771104584166,9.146127382563128,1.0760847220006746,2.680050570805672,1.2570149436222207,0.010376598907664358,9.467940963701831e-05,1.6060282970061632,0.1812764644546492,2.4181079229249627,0.47984042567476,1.099479578732309,0.38205204965984807,0.10629631128019132,0.003164213085006366,98.0,0,73.13296283807257,10.805891618915247,69.60890540477028,0,3.1788868166518376,2.163848674557464,0.41592299745217476,23.020000000000003,7.7045743475482995,1.7479256771052891,2.5797716720096386,4.742678143865695,12.19412522760529,3.725723541869798,0,1,15.315425652451705
205,9.448573393276895,7.119084080002658,4,6,11.939665877400127,0.0423355234331159,50.0,60,8.0,5,1.0,4,9.0,3,5.0,2,5.0,1,5.0,5,9.0,3,2.0,5,4.15270479604797,1.0982181850992576,2.551306361396522,0.4316123881442658,1.7920777687212166,0.9647969006335627,6.622140262933337,21.547837932580407,6.423193633401397,3.257713923847009,6.977410438022801,6.611283044092328,4.483158146244543,5.415885347697113,9.724578511394656,0.283295203999585,10.93353333777991,1.7249771104584166,9.146127382563128,1.0760847220006746,2.680050570805672,1.2570149436222207,0.010376598907664358,9.467940963701831e-05,1.6060282970061632,0.1812764644546492,2.4181079229249627,0.47984042567476,1.099479578732309,0.38205204965984807,0.10629631128019132,0.003164213085006366,148.0,0,106.76067349184731,17.536865570764746,151.01532214739854,0,1.1378330018213911,3.3929378829380434,0.366724774873308,2.1200000000000006,28.753235516585097,3.026213108064735,3.7596626578113517,19.619002623915495,41.93394010622969,11.157468741157098,1,0,26.633235516585096
206,10.288148359452016,9.498205719989492,9,6,66.25193242706791,0.038880323732701,2.0,60,8.0,5,1.0,4,6.0,3,5.0,2,1.0,1,5.0,5,4.0,3,2.0,5,4.22139605139859,1.090701517516482,7.411520360694931,2.883209513161117,9.09996886432829,0.14026651050520966,6.622140262933337,21.547837932580407,4.861274393068181,4.400279245805066,8.03602749460056,5.504544322269431,6.599447599023525,8.253061810169577,9.724578511394656,0.283295203999585,10.93353333777991,1.7249771104584166,9.146127382563128,1.0760847220006746,2.680050570805672,1.2570149436222207,0.010376598907664358,9.467940963701831e-05,1.6060282970061632,0.1812764644546492,2.4181079229249627,0.47984042567476,1.099479578732309,0.38205204965984807,0.10629631128019132,0.003164213085006366,120.0,0,173.92754649876227,25.92781936762693,131.05365935329533,0,2.4336133554004498,3.810355513716018,0.35163986260598246,10.4,44.16649332024012,3.458715651110036,4.161995376322,30.776138646847848,63.19949703516486,16.211679194158506,3,1,33.76649332024012
207,10.813684756290664,8.930775492329191,9,6,60.25077811688008,0.0369910588268025,2.0,60,8.0,5,1.0,4,6.0,3,5.0,2,1.0,1,5.0,5,4.0,3,2.0,5,4.264393706504659,1.0859964196314387,6.362319097356908,1.6336805865812876,9.09996886432829,0.14026651050520966,6.622140262933337,21.547837932580407,4.861274393068181,4.400279245805066,8.024813060258545,5.512297593950412,6.599447599023525,8.253061810169577,9.724578511394656,0.283295203999585,10.93353333777991,1.7249771104584166,9.146127382563128,1.0760847220006746,2.680050570805672,1.2570149436222207,0.010376598907664358,9.467940963701831e-05,1.6060282970061632,0.1812764644546492,2.4181079229249627,0.47984042567476,1.099479578732309,0.38205204965984807,0.10629631128019132,0.003164213085006366,120.0,0,164.77441667734152,23.498966746384713,131.05365935329533,0,2.8284963541780774,3.338047159051507,0.3439156381527928,15.920000000000003,27.164073012296726,2.9941315208987143,3.6819627972043,18.96801055731796,38.724288324320824,9.878138883501432,2,1,11.244073012296722
208,14.498500141555164,9.197220378376038,3,6,51.64502156302255,0.0275923417481466,40.0,60,7.0,5,1.0,4,7.0,3,5.0,2,1.0,1,5.0,5,8.0,3,2.0,5,4.42475868502586,1.0719061219293669,7.08090123734352,2.269558760633378,1.5260659960672207,0.7269947167029547,6.622140262933337,21.547837932580407,4.861274393068181,4.400279245805066,8.92257812144385,4.129405139551727,3.840421925128728,6.380561429790441,9.724578511394656,0.283295203999585,10.93353333777991,1.7249771104584166,9.146127382563128,1.0760847220006746,2.680050570805672,1.2570149436222207,0.010376598907664358,9.467940963701831e-05,1.6060282970061632,0.1812764644546492,2.4181079229249627,0.47984042567476,1.099479578732309,0.38205204965984807,0.10629631128019132,0.003164213085006366,130.0,0,151.93897401978992,22.48340282863509,127.19809490125034,0,3.533102452542094,3.4870743270178397,0.3571449393533712,33.230000000000004,31.690166924775625,3.1299293876644683,3.844219266371211,21.872364414347068,45.72219252065465,11.924914053153792,2,2,1.5398330752243794
209,21.979673872160685,6.840316086894215,3,6,1.960218855079482,0.0181993080665613,40.0,60,4.0,5,1.0,4,7.0,3,5.0,2,10.0,1,5.0,5,8.0,3,2.0,5,3.842360008615969,1.1079758610940047,2.9410871340212412,0.5557413236021471,1.5260659960672207,0.7269947167029547,6.622140262933337,21.547837932580407,4.291664400660571,7.970823919423022,5.133859559009828,14.078334309506694,3.840421925128728,6.380561429790441,9.724578511394656,0.283295203999585,10.93353333777991,1.7249771104584166,9.146127382563128,1.0760847220006746,2.680050570805672,1.2570149436222207,0.010376598907664358,9.467940963701831e-05,1.6060282970061632,0.1812764644546492,2.4181079229249627,0.47984042567476,1.099479578732309,0.38205204965984807,0.10629631128019132,0.003164213085006366,124.0,0,97.63169140664795,18.82510036770082,108.85174956096608,0,3.1578511230304263,2.4343340109884193,0.42666243902853396,22.520000000000003,10.408218434677607,2.0076715719598854,2.860996450016953,6.4459597657174,16.478935147157433,5.016487690720016,0,1,12.111781565322396
210,11.137846475361975,11.659262629441711,1,6,29.111528963250027,0.0359156571016294,50.0,20,8.0,5,1.0,4,5.0,3,5.0,2,1.0,1,5.0,5,9.0,3,4.0,5,4.290915549480833,1.0830942179419092,7.425421153479635,2.8529607177200615,2.3873388306664673,0.6926300514182241,6.622140262933337,21.547837932580407,4.730260021967901,4.614568571962218,8.018429613447783,5.516710888092187,4.483158146244543,5.415885347697113,1.0,1e-10,10.93353333777991,1.7249771104584166,9.146127382563128,1.0760847220006746,2.680050570805672,1.2570149436222207,0.010376598907664358,9.467940963701831e-05,1.6060282970061632,0.1812764644546492,2.4181079229249627,0.47984042567476,1.099479578732309,0.38205204965984807,0.10629631128019132,0.003164213085006366,142.0,0,153.31741680447857,23.76267247082853,134.0835992987116,0,3.367295829986474,3.4386291030120795,0.4619348237851333,28.000000000000004,30.14423335364526,2.976694279226946,3.9005639267972128,18.62284167402837,48.43031632722675,14.90373732659919,2,2,2.144233353645255
211,10.326192662003342,6.530669409548466,4,6,8.641253038274797,0.0387379367196143,50.0,60,8.0,5,1.0,4,9.0,3,5.0,2,5.0,1,5.0,5,9.0,3,2.0,5,4.224508710787536,1.0903609090095374,2.5461308263317197,0.6296420701398201,1.7920777687212166,0.9647969006335627,6.622140262933337,21.547837932580407,8.598884278337813,1.501652050143004,8.035182303540042,5.505128658109713,4.483158146244543,5.415885347697113,9.724578511394656,0.283295203999585,10.93353333777991,1.7249771104584166,9.146127382563128,1.0760847220006746,2.680050570805672,1.2570149436222207,0.010376598907664358,9.467940963701831e-05,1.6060282970061632,0.1812764644546492,2.4181079229249627,0.47984042567476,1.099479578732309,0.38205204965984807,0.10629631128019132,0.003164213085006366,148.0,0,113.55043515441369,18.075514752084615,151.01532214739854,0,4.778282803696737,3.054775331952478,0.32656851685915855,117.90000000000006,20.216418340130932,2.7282068150933196,3.3813438488116367,14.305416955140885,28.410267521803732,7.052425283331424,1,4,97.68358165986913
212,9.991695165222083,6.5873374856175335,4,6,33.790807127427065,0.0400336918964687,50.0,60,8.0,5,1.0,4,9.0,3,5.0,2,1.0,1,5.0,5,9.0,3,2.0,5,4.197141228559925,1.0933556463371996,2.782657919237037,0.567897917291127,1.7920777687212166,0.9647969006335627,6.622140262933337,21.547837932580407,4.848883281718759,4.4069069243276475,7.860842327437289,5.688892066851316,4.483158146244543,5.415885347697113,9.724578511394656,0.283295203999585,10.93353333777991,1.7249771104584166,9.146127382563128,1.0760847220006746,2.680050570805672,1.2570149436222207,0.010376598907664358,9.467940963701831e-05,1.6060282970061632,0.1812764644546492,2.4181079229249627,0.47984042567476,1.099479578732309,0.38205204965984807,0.10629631128019132,0.003164213085006366,144.0,0,108.97033820437827,17.91571006472532,144.5912089593739,0,3.2414197893030954,3.3943138248254403,0.31630064575199146,24.570000000000004,28.794202417191954,3.078013179073449,3.7106144705774318,20.715215263743865,39.87891770332659,9.581851219791364,1,1,4.22420241719195
213,9.087008222588782,7.673822789881976,2,6,7.249175212785818,0.0440190462094174,0.050000000745058,20,9.0,5,1.0,4,3.0,3,5.0,2,5.0,1,5.0,5,2.0,3,4.0,5,4.123122725993195,1.1014552577932586,4.751584217942131,1.0657006047169209,1.9567948333695546,1.120898093680396,6.622140262933337,21.547837932580407,9.577225299853566,0.4113892114590841,6.331282481453616,7.285905054485895,5.162023171261571,11.417202873834851,1.0,1e-10,10.93353333777991,1.7249771104584166,9.146127382563128,1.0760847220006746,2.680050570805672,1.2570149436222207,0.010376598907664358,9.467940963701831e-05,1.6060282970061632,0.1812764644546492,2.4181079229249627,0.47984042567476,1.099479578732309,0.38205204965984807,0.10629631128019132,0.003164213085006366,124.0,0,130.32477325229277,19.769153048653042,138.38478763177864,0,2.834389123145228,2.9260361988120396,0.5578214086108755,16.02,17.653544820109996,2.368214790201164,3.483857607422915,9.678312230600014,31.585180770304273,10.95343426985213,1,1,1.6335448201099965
214,16.7882090450072,8.71187354155755,3,6,17.21893382042098,0.0238274043728343,40.0,60,6.0,5,1.0,4,7.0,3,5.0,2,3.0,1,5.0,5,8.0,3,2.0,5,4.218111234877727,1.1041732709335548,6.48733484578494,1.5255298383996494,1.5260659960672207,0.7269947167029547,6.622140262933337,21.547837932580407,4.65500373606711,3.435067195529575,7.3347723239151295,7.9790732551380845,3.840421925128728,6.380561429790441,9.724578511394656,0.283295203999585,10.93353333777991,1.7249771104584166,9.146127382563128,1.0760847220006746,2.680050570805672,1.2570149436222207,0.010376598907664358,9.467940963701831e-05,1.6060282970061632,0.1812764644546492,2.4181079229249627,0.47984042567476,1.099479578732309,0.38205204965984807,0.10629631128019132,0.003164213085006366,127.0,0,140.07999111616883,21.039304565077813,119.47661815748276,0,3.9431340004531985,3.351672810832734,0.4307200661574233,50.57999999999999,27.550453227159327,2.9209527446753105,3.7823928769901576,17.558960990491812,42.92101367602538,12.681026342766785,2,3,23.029546772840664
215,11.033580770505395,9.061699399423578,2,6,39.43432778505779,0.0362529913451484,0.050000000745058,20,8.0,5,1.0,4,3.0,3,5.0,2,1.0,1,5.0,5,2.0,3,4.0,5,4.2823848733111465,1.0840277029495209,6.657349160148452,1.900572320274603,1.9567948333695546,1.120898093680396,6.622140262933337,21.547837932580407,4.8552449875163495,4.451439027531034,8.020431986282555,5.51532651683269,5.162023171261571,11.417202873834851,1.0,1e-10,10.93353333777991,1.7249771104584166,9.146127382563128,1.0760847220006746,2.680050570805672,1.2570149436222207,0.010376598907664358,9.467940963701831e-05,1.6060282970061632,0.1812764644546492,2.4181079229249627,0.47984042567476,1.099479578732309,0.38205204965984807,0.10629631128019132,0.003164213085006366,115.0,0,145.99735197319416,21.99151489491649,121.02714110597408,0,2.8859174075467844,3.101343840322889,0.3139630564274094,16.919999999999998,21.227801836156427,2.78738078389548,3.415306896750298,15.23843209008276,29.42628572306459,7.0939268164909155,2,1,4.307801836156429
216,13.249047702474376,10.271050958856948,1,6,44.38856856751599,0.0301911216519637,50.0,30,7.0,5,1.0,4,5.0,3,5.0,2,1.0,1,5.0,5,9.0,3,7.0,5,4.4636470724903825,1.0641927517668897,7.425421153479635,2.8529607177200615,2.3873388306664673,0.6926300514182241,6.622140262933337,21.547837932580407,4.862667640203005,4.412582814890283,8.497606532727657,4.775240627477396,4.483158146244543,5.415885347697113,2.719329948589041,0.5527826928135725,10.93353333777991,1.7249771104584166,9.146127382563128,1.0760847220006746,2.680050570805672,1.2570149436222207,0.010376598907664358,9.467940963701831e-05,1.6060282970061632,0.1812764644546492,2.4181079229249627,0.47984042567476,1.099479578732309,0.38205204965984807,0.10629631128019132,0.003164213085006366,152.0,0,156.76009298781574,23.753131711982686,123.46895489477228,0,3.6169805785700726,3.636492164748007,0.32718460354252676,36.224999999999994,36.958450922206744,3.30930756120548,3.963676768290534,26.366169512311977,51.65055439217921,12.642192439933616,2,2,0.7334509222067496
217,13.26540854921977,10.235896545690926,1,6,40.68504127791253,0.0301539612616337,50.0,20,7.0,5,1.0,4,5.0,3,5.0,2,1.0,1,5.0,5,9.0,3,4.0,5,4.464985663023471,1.0640462740236118,7.425421153479635,2.8529607177200615,2.3873388306664673,0.6926300514182241,6.622140262933337,21.547837932580407,4.865790993888427,4.456076170750248,8.503683272851998,4.766005717362448,4.483158146244543,5.415885347697113,1.0,1e-10,10.93353333777991,1.7249771104584166,9.146127382563128,1.0760847220006746,2.680050570805672,1.2570149436222207,0.010376598907664358,9.467940963701831e-05,1.6060282970061632,0.1812764644546492,2.4181079229249627,0.47984042567476,1.099479578732309,0.38205204965984807,0.10629631128019132,0.003164213085006366,137.0,0,156.61168048846693,23.755023860963433,123.1500659609317,0,3.1354942159291497,3.7710202627816103,0.37588297400211945,22.0,42.42434648708661,3.395137288779491,4.1469032367837295,28.818746973313864,62.23786406981238,16.70955854824926,2,1,20.42434648708661
218,7.833330246938549,8.889706411243834,1,6,31.819379377493625,0.0510639026635593,49.99999999999999,20,9.0,5,1.0,4,5.0,3,5.0,2,1.0,1,5.0,5,8.0,3,4.0,5,4.023741904191314,1.1481522254516308,6.348476324716275,1.5689201142132212,2.3873388306664673,0.6926300514182241,6.622140262933337,21.547837932580407,4.757968791388438,4.36479214116279,5.464676079823564,8.33773245029494,4.483158146244543,5.415885347697118,1.0,1e-10,10.93353333777991,1.7249771104584166,9.146127382563128,1.0760847220006746,2.680050570805672,1.2570149436222207,0.010376598907664358,9.467940963701831e-05,1.6060282970061632,0.1812764644546492,2.4181079229249627,0.47984042567476,1.099479578732309,0.38205204965984807,0.10629631128019132,0.003164213085006366,144.0,0,134.41563967377738,21.08582100818797,143.9176530577592,0,2.312535423847214,3.276120924625404,0.4229758275983788,9.1,25.47288296197437,2.853145097027025,3.6990967522237828,16.34223918376302,39.41078691698256,11.53427386660977,1,0,16.37288296197437
219,13.068601780468155,6.939496971958731,4,6,5.665000232108786,0.0306131217139842,50.00000000000001,60,7.0,5,1.0,4,9.0,3,5.0,2,9.0,1,5.0,5,9.0,3,2.0,5,4.448883582147197,1.0658082739859087,2.686161685809995,0.5438326681437304,1.7920777687212166,0.9647969006335627,6.622140262933337,21.547837932580407,9.162649735075165,1.4182521188410986,8.428597981240948,4.880113924196123,4.483158146244543,5.415885347697109,9.724578511394656,0.283295203999585,10.93353333777991,1.7249771104584166,9.146127382563128,1.0760847220006746,2.680050570805672,1.2570149436222207,0.010376598907664358,9.467940963701831e-05,1.6060282970061632,0.1812764644546492,2.4181079229249627,0.47984042567476,1.099479578732309,0.38205204965984807,0.10629631128019132,0.003164213085006366,147.0,0,119.14113021250897,17.939060269889218,146.5059019976433,0,4.029272565478386,3.3056518933199683,0.4135347847678277,55.21999999999999,26.26631052213692,2.8921171085521404,3.7191866780877962,17.031443744005053,40.230846517033406,11.599701386514177,1,3,28.953689477863072
220,9.386492147936082,8.44307314254388,2,6,50.81877701553621,0.0426151998360243,0.050000000745058,30,8.0,5,1.0,4,3.0,3,5.0,2,1.0,1,5.0,5,2.0,3,7.0,5,4.147625513258467,1.0987739950068323,6.637727012791231,1.6582081464431697,1.9567948333695546,1.120898093680396,6.622140262933337,21.547837932580407,4.861274393068181,4.400279245805066,6.8700719777087595,6.723355099098441,5.162023171261571,11.417202873834851,2.719329948589041,0.5527826928135725,10.93353333777991,1.7249771104584166,9.146127382563128,1.0760847220006746,2.680050570805672,1.2570149436222207,0.010376598907664358,9.467940963701831e-05,1.6060282970061632,0.1812764644546492,2.4181079229249627,0.47984042567476,1.099479578732309,0.38205204965984807,0.10629631128019132,0.003164213085006366,130.0,0,141.75523653462236,21.485446548873977,121.34603003981466,0,2.82018770103906,2.8988444390142805,0.26063262507538587,15.779999999999996,17.153156165593494,2.6382118139388946,3.1594770640896663,12.988167783398117,22.5582732402979,4.785052728449892,2,1,1.3731561655934978
221,38.0977998942876,6.054646700947965,3,6,22.96417384022597,0.0104993397451157,40.00000000000001,60,2.0,5,1.0,4,7.0,3,5.0,2,1.0,1,5.0,5,8.0,3,2.0,5,3.3311625938092075,0.8623591776124778,1.4141958796371652,0.3559019385526022,1.5260659960672207,0.7269947167029547,6.622140262933337,21.547837932580407,4.753263309418278,3.9123608178725844,2.68462207972811,7.527342569088993,3.840421925128736,6.380561429790454,9.724578511394656,0.283295203999585,10.93353333777991,1.7249771104584166,9.146127382563128,1.0760847220006746,2.680050570805672,1.2570149436222207,0.010376598907664358,9.467940963701831e-05,1.6060282970061632,0.1812764644546492,2.4181079229249627,0.47984042567476,1.099479578732309,0.38205204965984807,0.10629631128019132,0.003164213085006366,105.0,0,72.8961758733091,15.414901438292661,72.5304282123508,0,2.5257286443082556,2.502588301356975,0.18423833897060948,11.500000000000002,11.214066768697874,2.3183499623863657,2.6868266403275847,9.158897905376627,13.685001111316806,2.26305160297009,0,1,0.28593323130212767
222,37.57758514716462,6.063951606207073,3,6,25.025666343784497,0.0085044076248359,39.99999999999999,60,2.0,5,1.0,4,7.0,3,5.0,2,1.0,1,3.0,5,7.0,3,2.0,5,3.3881970739815572,0.8747091212735744,1.4315546203822656,0.37386395843448766,1.5260659960672207,0.7269947167029547,6.622140262933337,21.547837932580407,4.732216404937843,4.443135476615989,1.6849891019216405,2.3519970231689955,3.84042192512872,6.380561429790427,9.724578511394656,0.283295203999585,10.93353333777991,1.7249771104584166,9.146127382563128,1.0760847220006746,2.680050570805672,1.2570149436222207,0.010376598907664358,9.467940963701831e-05,1.6060282970061632,0.1812764644546492,2.4181079229249627,0.47984042567476,1.099479578732309,0.38205204965984807,0.10629631128019132,0.003164213085006366,92.0,0,71.22750716992114,14.501299713267807,66.59473278776858,0,2.8903717578961645,2.5764279384336577,0.17613871842445072,16.999999999999996,12.150081264751076,2.400289220009207,2.752566656858108,10.02636496489486,14.682832721400507,2.3282338782528234,0,1,4.84991873524892
223,37.51838575219792,6.069900843799362,3,6,25.551642537495106,0.0085178158983596,40.0,60,2.0,5,1.0,4,7.0,3,5.0,2,1.0,1,3.0,5,8.0,3,2.0,5,3.394687483446334,0.8761145200952207,1.442653204421523,0.385348258482588,1.5260659960672207,0.7269947167029547,6.622140262933337,21.547837932580407,4.723710451160959,4.5011695252266275,1.6917078029007293,2.3867813889897356,3.840421925128728,6.380561429790441,9.724578511394656,0.283295203999585,10.93353333777991,1.7249771104584166,9.146127382563128,1.0760847220006746,2.680050570805672,1.2570149436222207,0.010376598907664358,9.467940963701831e-05,1.6060282970061632,0.1812764644546492,2.4181079229249627,0.47984042567476,1.099479578732309,0.38205204965984807,0.10629631128019132,0.003164213085006366,95.0,0,71.40256508317985,14.55596208640523,67.69421236650088,0,2.667228206581955,2.573813415229663,0.1729237366437273,13.399999999999999,12.115744978218377,2.4008896785859357,2.7467371518733903,10.032987828486803,14.591675528681682,2.2793438500974395,0,1,1.2842550217816218
224,37.90441155641378,6.148352217224396,3,6,47.797724915324224,0.0105528936717292,39.99999999999999,60,2.0,5,1.0,4,7.0,3,5.0,2,1.0,1,5.0,5,7.0,3,2.0,5,3.352364997976002,0.866950233692036,1.6319897943970139,0.4834235023949566,1.5260659960672207,0.7269947167029547,6.622140262933337,21.547837932580407,4.861274393068181,4.400279245805066,2.711457213911209,7.666274652415635,3.84042192512872,6.380561429790427,9.724578511394656,0.283295203999585,10.93353333777991,1.7249771104584166,9.146127382563128,1.0760847220006746,2.680050570805672,1.2570149436222207,0.010376598907664358,9.467940963701831e-05,1.6060282970061632,0.1812764644546492,2.4181079229249627,0.47984042567476,1.099479578732309,0.38205204965984807,0.10629631128019132,0.003164213085006366,102.0,0,75.35832306096144,15.878361530565995,71.4309486336185,0,2.392425796993835,2.5800437840529966,0.18799213602950982,9.94,12.19771599650487,2.392051648023487,2.7680359200825064,9.935907575900261,14.927320738174929,2.495706581137334,0,0,2.2577159965048708
225,37.74643878540467,6.06098334004404,3,6,30.137998785158327,0.0105971118767736,40.0,60,2.0,5,1.0,4,7.0,3,5.0,2,1.0,1,5.0,5,8.0,3,2.0,5,3.3696845663383344,0.8707005211122589,1.426017179500091,0.3681340714178584,1.5260659960672207,0.7269947167029547,6.622140262933337,21.547837932580407,4.7407960249578185,4.516234939072933,2.733614346744175,7.780987573320938,3.840421925128728,6.380561429790441,9.724578511394656,0.283295203999585,10.93353333777991,1.7249771104584166,9.146127382563128,1.0760847220006746,2.680050570805672,1.2570149436222207,0.010376598907664358,9.467940963701831e-05,1.6060282970061632,0.1812764644546492,2.4181079229249627,0.47984042567476,1.099479578732309,0.38205204965984807,0.10629631128019132,0.003164213085006366,105.0,0,73.52392203597043,15.597038029708337,72.5304282123508,0,2.5572273113676265,2.5587172645126683,0.17319956286952265,11.9,11.919234721429525,2.3855177016431455,2.731916827382191,9.86468587495211,14.362305703856892,2.2488099144523908,0,1,0.01923472142952498
226,37.10190312765253,6.052757839228587,3,6,34.50969307307487,0.0107811989261634,40.0,60,2.0,5,1.0,4,7.0,3,5.0,2,1.0,1,5.0,5,8.0,3,2.0,5,3.4403491455255657,0.8860018540806707,1.4106721187844746,0.3522557142426447,1.5260659960672207,0.7269947167029547,6.622140262933337,21.547837932580407,4.875514788135443,4.376040523152463,2.825857828858906,8.25855474537461,3.840421925128728,6.380561429790441,9.724578511394656,0.283295203999585,10.93353333777991,1.7249771104584166,9.146127382563128,1.0760847220006746,2.680050570805672,1.2570149436222207,0.010376598907664358,9.467940963701831e-05,1.6060282970061632,0.1812764644546492,2.4181079229249627,0.47984042567476,1.099479578732309,0.38205204965984807,0.10629631128019132,0.003164213085006366,105.0,0,74.59560452905679,15.730973530743814,72.5304282123508,0,2.4765384001174837,2.611564881837473,0.16999918228714272,10.9,12.620348419257828,2.4415656995503303,2.7815640641246153,10.491018147461443,15.14425185665226,2.326616854595409,0,1,1.720348419257828
227,35.96958978203162,6.152480202505951,3,6,28.305865419207787,0.0111206404921134,40.0,60,2.0,5,1.0,4,7.0,3,5.0,2,1.0,1,5.0,5,8.0,3,2.0,5,3.564491921978683,0.9128830720823975,1.6441166608057594,0.485896915230343,1.5260659960672207,0.7269947167029547,6.622140262933337,21.547837932580407,4.744403695567938,4.57451911310475,2.9959473170738224,9.139149818550859,3.840421925128728,6.380561429790441,9.724578511394656,0.283295203999585,10.93353333777991,1.7249771104584166,9.146127382563128,1.0760847220006746,2.680050570805672,1.2570149436222207,0.010376598907664358,9.467940963701831e-05,1.6060282970061632,0.1812764644546492,2.4181079229249627,0.47984042567476,1.099479578732309,0.38205204965984807,0.10629631128019132,0.003164213085006366,105.0,0,78.2887638464862,16.432626210265767,72.5304282123508,0,3.068052935133617,2.574262830230844,0.1858503881199738,20.499999999999996,12.121640715480405,2.3884124421108703,2.760113218350818,9.89618188521774,14.801631881690318,2.452724998236289,0,1,8.378359284519592
228,36.10559014504786,6.032622137177601,3,6,23.49992826038642,0.0110787433446361,40.0,60,2.0,5,1.0,4,7.0,3,5.0,2,1.0,1,5.0,5,8.0,3,2.0,5,3.5495813296689103,0.9096544115524371,1.3731080144878163,0.31338612121572884,1.5260659960672207,0.7269947167029547,6.622140262933337,21.547837932580407,4.766176900862089,4.024505403323629,2.974953234183195,9.030458292970035,3.840421925128728,6.380561429790441,9.724578511394656,0.283295203999585,10.93353333777991,1.7249771104584166,9.146127382563128,1.0760847220006746,2.680050570805672,1.2570149436222207,0.010376598907664358,9.467940963701831e-05,1.6060282970061632,0.1812764644546492,2.4181079229249627,0.47984042567476,1.099479578732309,0.38205204965984807,0.10629631128019132,0.003164213085006366,105.0,0,75.63126121302791,15.876861253326155,72.5304282123508,0,2.6946271807700692,2.5425133619795224,0.20847502655333638,13.799999999999997,11.711579656005656,2.334038335426186,2.7509883885328588,9.319531228493945,14.65810052542075,2.6692846484634023,0,1,2.0884203439943416
229,12.461855434994398,9.7542915318478,1,6,40.8954173488599,0.0320988919531199,50.0,60,7.0,5,1.0,4,5.0,3,5.0,2,1.0,1,5.0,5,9.0,3,2.0,5,4.399241596822327,1.0712404399862454,7.425421153479635,2.8529607177200615,2.3873388306664673,0.6926300514182241,6.622140262933337,21.547837932580407,4.866318768026955,4.451620004212151,8.185633912577297,5.249349943732918,4.483158146244543,5.415885347697113,9.724578511394656,0.283295203999585,10.93353333777991,1.7249771104584166,9.146127382563128,1.0760847220006746,2.680050570805672,1.2570149436222207,0.010376598907664358,9.467940963701831e-05,1.6060282970061632,0.1812764644546492,2.4181079229249627,0.47984042567476,1.099479578732309,0.38205204965984807,0.10629631128019132,0.003164213085006366,127.0,0,156.0520260043706,23.76391868758496,122.93747333837132,0,4.915591745409362,3.447416703025503,0.3404466339397194,135.4,30.419122457876888,3.1069700690857838,3.7878633369652226,21.353212999311324,43.16194021206155,10.904363606375114,2,4,104.98087754212312
230,33.78608176125197,6.15799678004872,3,6,4.99413689847114,0.0118393587723534,40.0,60,2.0,5,1.0,4,7.0,3,5.0,2,9.0,1,5.0,5,8.0,3,2.0,5,3.6337661541155653,0.9789688597592279,1.6603228229724594,0.48920234700178244,1.5260659960672207,0.7269947167029547,6.622140262933337,21.547837932580407,8.325387095882524,1.5965653506839963,3.3560871370590197,11.003682156568289,3.840421925128728,6.380561429790441,9.724578511394656,0.283295203999585,10.93353333777991,1.7249771104584166,9.146127382563128,1.0760847220006746,2.680050570805672,1.2570149436222207,0.010376598907664358,9.467940963701831e-05,1.6060282970061632,0.1812764644546492,2.4181079229249627,0.47984042567476,1.099479578732309,0.38205204965984807,0.10629631128019132,0.003164213085006366,113.0,0,85.81641722064458,17.085921800909734,85.37865458840011,0,2.390595970316759,2.594194814136395,0.364114871314444,9.920000000000002,12.385804960144968,2.230079942821951,2.958309685450839,8.300609566739585,18.265379666276516,4.982385049768466,0,0,2.4658049601449665
231,17.462488540687737,9.659231223542497,1,6,9.728205290944736,0.0229080653970034,49.99999999999999,60,6.0,5,1.0,4,5.0,3,5.0,2,5.0,1,5.0,5,8.0,3,2.0,5,4.157257150649168,1.1136753857765338,7.418199866386575,2.8451002595344055,2.3873388306664673,0.6926300514182241,6.622140262933337,21.547837932580407,7.53216381377886,2.5723910145636113,6.819727788392645,9.195619764757836,4.483158146244543,5.415885347697118,9.724578511394656,0.283295203999585,10.93353333777991,1.7249771104584166,9.146127382563128,1.0760847220006746,2.680050570805672,1.2570149436222207,0.010376598907664358,9.467940963701831e-05,1.6060282970061632,0.1812764644546492,2.4181079229249627,0.47984042567476,1.099479578732309,0.38205204965984807,0.10629631128019132,0.003164213085006366,123.0,0,154.31874834134157,24.079796522502498,117.32857360988375,0,4.058199115585747,3.3907639367103712,0.34782597488244726,56.87,28.68862383907552,3.042937961827924,3.7385899115928183,19.966752353197858,41.03867011018947,10.535958878495807,2,3,28.181376160924476
232,34.27440851027025,6.085725196741022,3,4,8.214113277159573,0.0045483254353365,40.0,60,2.0,5,1.0,4,7.0,3,4.0,2,5.0,1,3.0,5,8.0,3,2.0,5,3.6293033905322014,0.9632653500171835,1.4721742830917621,0.415895301600287,1.5260659960672207,0.7269947167029547,6.344978097835935,23.819939929212172,8.89907464310616,1.1671200290581363,4.3085545902920765,3.413281783269731,3.840421925128728,6.380561429790441,9.724578511394656,0.283295203999585,10.93353333777991,1.7249771104584166,9.146127382563128,1.0760847220006746,2.680050570805672,1.2570149436222207,0.010376598907664358,9.467940963701831e-05,1.6060282970061632,0.1812764644546492,2.4181079229249627,0.47984042567476,1.099479578732309,0.38205204965984807,0.10629631128019132,0.003164213085006366,97.0,0,87.26844446248775,15.589504812230848,74.10794895561786,0,2.075684492802124,2.8574970113662337,0.2883091526301833,6.9700000000000015,16.417875585336997,2.5691878587360506,3.1458061639964168,12.055217453527645,22.238401886925434,5.091592216698895,0,0,9.447875585336995
233,33.38636966802855,6.038770195772064,3,6,7.806736257640667,0.0096237594882179,40.0,60,2.0,5,1.0,4,7.0,3,5.0,2,5.0,1,3.0,5,8.0,3,2.0,5,3.637419078263288,0.9918227178830472,1.3845775085079202,0.32525422171042756,1.5260659960672207,0.7269947167029547,6.622140262933337,21.547837932580407,9.185375913136212,0.8480660095321331,2.2458808861738437,5.255871606961238,3.840421925128728,6.380561429790441,9.724578511394656,0.283295203999585,10.93353333777991,1.7249771104584166,9.146127382563128,1.0760847220006746,2.680050570805672,1.2570149436222207,0.010376598907664358,9.467940963701831e-05,1.6060282970061632,0.1812764644546492,2.4181079229249627,0.47984042567476,1.099479578732309,0.38205204965984807,0.10629631128019132,0.003164213085006366,99.0,0,82.03092266162851,15.59163767962159,74.11832555452553,0,3.427514689979529,2.3739139194701586,0.209967585495777,29.800000000000008,9.73934305847522,2.1639463339743816,2.5838815049659356,7.705424472714286,12.248462460287103,2.271518993786408,0,2,20.06065694152479
234,32.965738024439545,6.070846289063087,3,4,7.411552106201686,0.004565397072989,40.0,60,2.0,5,1.0,4,7.0,3,4.0,2,5.0,1,3.0,5,8.0,3,2.0,5,3.6412631838438103,1.0053493025442222,1.4444169772665634,0.3871733288246685,1.5260659960672207,0.7269947167029547,6.344978097835935,23.819939929212172,9.463108134227976,0.5385613346771783,4.2931469101139,3.3986553779683186,3.840421925128728,6.380561429790441,9.724578511394656,0.283295203999585,10.93353333777991,1.7249771104584166,9.146127382563128,1.0760847220006746,2.680050570805672,1.2570149436222207,0.010376598907664358,9.467940963701831e-05,1.6060282970061632,0.1812764644546492,2.4181079229249627,0.47984042567476,1.099479578732309,0.38205204965984807,0.10629631128019132,0.003164213085006366,97.0,0,88.01393172018724,15.678991906850193,74.10794895561786,0,2.624668592163159,2.882440320597932,0.29514178389175805,12.800000000000002,16.85779880402831,2.5872985367061743,3.17758210448969,12.293810310421044,22.988681249285452,5.347435469432204,0,1,4.057798804028307
235,30.46257197280849,6.117340477184674,3,6,34.84838070467232,0.0128916162619392,40.0,60,2.0,5,1.0,4,7.0,3,5.0,2,1.0,1,5.0,5,8.0,3,2.0,5,3.6641393386331815,1.0858455943340288,1.5408859742732315,0.46484183830699455,1.5260659960672207,0.7269947167029547,6.622140262933337,21.547837932580407,4.8844569848297335,4.364335552686392,3.883358855751024,13.733497400169172,3.840421925128728,6.380561429790441,9.724578511394656,0.283295203999585,10.93353333777991,1.7249771104584166,9.146127382563128,1.0760847220006746,2.680050570805672,1.2570149436222207,0.010376598907664358,9.467940963701831e-05,1.6060282970061632,0.1812764644546492,2.4181079229249627,0.47984042567476,1.099479578732309,0.38205204965984807,0.10629631128019132,0.003164213085006366,105.0,0,80.80488760789947,17.869831324965652,72.5304282123508,0,3.250374491927572,2.466133882177536,0.19728390093192205,24.800000000000004,10.776828119685826,2.268849981245614,2.663417783109458,8.668275719865047,13.34523430849764,2.338479294316296,0,1,14.023171880314178
236,24.98761795564083,6.029806121411356,4,6,6.82489462021662,0.0160081761318965,50.0,60,2.0,5,1.0,4,9.0,3,5.0,2,5.0,1,5.0,5,9.0,3,2.0,5,3.6905559609997063,1.0827618628129623,1.36785460392004,0.3079501355960499,1.7920777687212166,0.9647969006335627,6.622140262933337,21.547837932580407,9.509795712595041,0.6811972070049537,4.803547476666714,15.707261765499075,4.483158146244543,5.415885347697113,9.724578511394656,0.283295203999585,10.93353333777991,1.7249771104584166,9.146127382563128,1.0760847220006746,2.680050570805672,1.2570149436222207,0.010376598907664358,9.467940963701831e-05,1.6060282970061632,0.1812764644546492,2.4181079229249627,0.47984042567476,1.099479578732309,0.38205204965984807,0.10629631128019132,0.003164213085006366,118.0,0,90.58428830240766,18.090679232034063,85.41412212071911,0,0.5933268452777344,2.5295985524583653,0.35746322269406705,0.81,11.548467573917753,2.1721353297642985,2.887061775152432,7.777005846838396,16.940518805782283,4.581756479471943,0,0,10.738467573917752
237,24.25987050469436,6.16092257886836,4,6,2.751723284010472,0.0164882019437961,50.0,60,2.0,5,1.0,4,9.0,3,5.0,2,9.0,1,5.0,5,9.0,3,2.0,5,3.7107718856954546,1.0846415561717493,1.6689180017351295,0.4909554318266221,1.7920777687212166,0.9647969006335627,6.622140262933337,21.547837932580407,1.5032811775850057,1.2187043271980436,4.875911136288725,15.350401819177351,4.483158146244543,5.415885347697113,9.724578511394656,0.283295203999585,10.93353333777991,1.7249771104584166,9.146127382563128,1.0760847220006746,2.680050570805672,1.2570149436222207,0.010376598907664358,9.467940963701831e-05,1.6060282970061632,0.1812764644546492,2.4181079229249627,0.47984042567476,1.099479578732309,0.38205204965984807,0.10629631128019132,0.003164213085006366,122.0,0,80.87517821071332,18.102473678594567,91.83823530874378,0,2.1162555148025524,2.003070452362236,0.25506947986852246,7.300000000000001,6.411778710180213,1.7480009724937133,2.2581399322307583,4.743110557326299,8.56528053923715,1.911084990955426,0,0,0.8882212898197874
238,23.90091528403831,6.014533227943379,3,6,1.8286696541714096,0.0157975200467723,40.00000000000001,60,2.0,5,1.0,4,7.0,3,5.0,2,10.0,1,5.0,5,8.0,3,2.0,5,3.7314868727385515,1.0883149106766705,1.3393622989738236,0.27846761981683726,1.5260659960672207,0.7269947167029547,6.622140262933337,21.547837932580407,4.755097795867823,9.093036132426796,4.771791173436043,15.863867342462276,3.840421925128736,6.380561429790454,9.724578511394656,0.283295203999585,10.93353333777991,1.7249771104584166,9.146127382563128,1.0760847220006746,2.680050570805672,1.2570149436222207,0.010376598907664358,9.467940963701831e-05,1.6060282970061632,0.1812764644546492,2.4181079229249627,0.47984042567476,1.099479578732309,0.38205204965984807,0.10629631128019132,0.003164213085006366,114.0,0,81.63864362079326,18.23149681548241,86.98468288540627,0,1.843719208158766,1.831579025692459,0.18250716927804722,5.32,5.243737901358313,1.6490718564144116,2.0140861949705062,4.2021492443369795,6.493876309545769,1.1458635326043947,0,0,0.07626209864168754
239,23.25780780701181,6.344620278281645,4,4,4.127144176941368,0.0069822502851646,49.99999999999999,90,2.0,5,1.0,4,9.0,3,4.0,2,9.0,1,3.0,5,8.0,3,3.0,5,3.768600034178507,1.0948961264159658,2.148010976373609,0.5972621059272327,1.7920777687212166,0.9647969006335627,6.344978097835935,23.819939929212172,6.545268312984003,1.5073333815835188,2.1118622502120425,1.3279767849205166,4.483158146244543,5.415885347697118,8.90687197921755,4.901246850353492,10.93353333777991,1.7249771104584166,9.146127382563128,1.0760847220006746,2.680050570805672,1.2570149436222207,0.010376598907664358,9.467940963701831e-05,1.6060282970061632,0.1812764644546492,2.4181079229249627,0.47984042567476,1.099479578732309,0.38205204965984807,0.10629631128019132,0.003164213085006366,112.0,0,87.21329988726762,16.04294906225309,85.99845959653405,0,1.5912739418064292,2.337306319274484,0.27869304469490874,3.91,9.35331045479093,2.0586132745795753,2.615999363969393,6.835097144977655,12.680881728696026,2.9228922918591853,0,0,5.443310454790931
240,22.7883674366006,6.034689844177911,4,6,4.840058528237108,0.0175528730099129,50.0,60,3.0,5,1.0,4,9.0,3,5.0,2,9.0,1,5.0,5,9.0,3,2.0,5,3.7956910211066313,1.0997001264700401,1.376965419668818,0.3173775852032993,1.7920777687212166,0.9647969006335627,6.622140262933337,21.547837932580407,8.133091502374466,1.6375188665134313,5.036409786002989,14.558905924402012,4.483158146244543,5.415885347697113,9.724578511394656,0.283295203999585,10.93353333777991,1.7249771104584166,9.146127382563128,1.0760847220006746,2.680050570805672,1.2570149436222207,0.010376598907664358,9.467940963701831e-05,1.6060282970061632,0.1812764644546492,2.4181079229249627,0.47984042567476,1.099479578732309,0.38205204965984807,0.10629631128019132,0.003164213085006366,127.0,0,90.16917494538848,17.99775311822133,102.77176864652368,0,2.6100697927420065,2.0181207384412065,0.24350240334390794,12.600000000000001,6.524171752326516,1.7746183350972986,2.2616231417851145,4.89802963577991,8.598656509806123,1.8503134370131065,0,1,6.075828247673486
241,20.93012723716728,6.055406668859574,4,6,5.239116314305564,0.0191121232453018,50.0,60,4.0,5,1.0,4,9.0,3,5.0,2,9.0,1,5.0,5,9.0,3,2.0,5,3.9029284129569857,1.1187163563923643,1.415613635711499,0.3573689667874721,1.7920777687212166,0.9647969006335627,6.622140262933337,21.547837932580407,8.631130608703854,1.531450640754096,5.271466006943919,13.39973085191779,4.483158146244543,5.415885347697113,9.724578511394656,0.283295203999585,10.93353333777991,1.7249771104584166,9.146127382563128,1.0760847220006746,2.680050570805672,1.2570149436222207,0.010376598907664358,9.467940963701831e-05,1.6060282970061632,0.1812764644546492,2.4181079229249627,0.47984042567476,1.099479578732309,0.38205204965984807,0.10629631128019132,0.003164213085006366,132.0,0,93.0633962592468,18.074914203224484,113.70530198430359,0,1.8180767775454285,2.365076136108835,0.3231579841349601,5.160000000000001,9.644849244058834,2.041918151973875,2.688234120243795,6.7053751132006205,13.705684507768579,3.500154697283979,0,0,4.484849244058833
242,21.040188500975027,6.048343694885179,4,6,3.873964377791883,0.0190115714005054,50.0,60,4.0,5,1.0,4,9.0,3,5.0,2,9.0,1,5.0,5,9.0,3,2.0,5,3.8965768751535865,1.117590048663822,1.4024373237881826,0.3437347302831144,1.7920777687212166,0.9647969006335627,6.622140262933337,21.547837932580407,5.406216867702229,1.1977126076562863,5.256307864838149,13.47448292784178,4.483158146244543,5.415885347697113,9.724578511394656,0.283295203999585,10.93353333777991,1.7249771104584166,9.146127382563128,1.0760847220006746,2.680050570805672,1.2570149436222207,0.010376598907664358,9.467940963701831e-05,1.6060282970061632,0.1812764644546492,2.4181079229249627,0.47984042567476,1.099479578732309,0.38205204965984807,0.10629631128019132,0.003164213085006366,132.0,0,87.65748253466873,17.793127876850377,113.70530198430359,0,1.623340817603092,1.9663119563813427,0.2061501555101346,4.07,6.144279427358801,1.760161800871208,2.1724621118914773,4.813377927924365,7.779874484163463,1.4832482781195488,0,0,2.0742794273588006
243,20.610109968348148,6.050526219528465,4,6,4.382397494172864,0.0194086794980045,50.0,60,4.0,5,1.0,4,9.0,3,5.0,2,9.0,1,5.0,5,9.0,3,2.0,5,3.9213963253752526,1.121991240858234,1.406508926711331,0.3479478361604735,1.7920777687212166,0.9647969006335627,6.622140262933337,21.547837932580407,7.56191334130473,1.7591636397194097,5.316171719006432,13.179265523184611,4.483158146244543,5.415885347697113,9.724578511394656,0.283295203999585,10.93353333777991,1.7249771104584166,9.146127382563128,1.0760847220006746,2.680050570805672,1.2570149436222207,0.010376598907664358,9.467940963701831e-05,1.6060282970061632,0.1812764644546492,2.4181079229249627,0.47984042567476,1.099479578732309,0.38205204965984807,0.10629631128019132,0.003164213085006366,132.0,0,91.57295301650218,17.96981576616432,113.70530198430359,0,2.5726122302071057,2.184718384921296,0.31229270498323447,12.099999999999998,7.888145165191757,1.8724256799380614,2.4970110899045306,5.504054033456804,11.14613594400519,2.8210409552741926,0,1,4.211854834808241
244,20.28547049143771,6.0404204733558124,4,6,2.4232943295156333,0.0197190029524968,50.0,60,4.0,5,1.0,4,9.0,3,5.0,2,9.0,1,5.0,5,9.0,3,2.0,5,3.9401309813180934,1.1253134265136056,1.387656179374096,0.32843988754414544,1.7920777687212166,0.9647969006335627,6.622140262933337,21.547837932580407,2.660300334031827,4.020446802971247,5.362952830098649,12.948565405467491,4.483158146244543,5.415885347697113,9.724578511394656,0.283295203999585,10.93353333777991,1.7249771104584166,9.146127382563128,1.0760847220006746,2.680050570805672,1.2570149436222207,0.010376598907664358,9.467940963701831e-05,1.6060282970061632,0.1812764644546492,2.4181079229249627,0.47984042567476,1.099479578732309,0.38205204965984807,0.10629631128019132,0.003164213085006366,132.0,0,83.846351957889,17.819016567250625,113.70530198430359,0,1.8325814637483102,1.8225190121053658,0.1757047406083585,5.250000000000001,5.187425034006959,1.6468142714970073,1.9982237527137243,4.190418197564466,6.3759429576253375,1.0927623800304356,0,0,0.06257496599304169
245,20.396509466036523,6.045920663733064,4,6,4.842795485561793,0.0196121458645239,50.0,60,4.0,5,1.0,4,9.0,3,5.0,2,9.0,1,5.0,5,9.0,3,2.0,5,3.9337230206931184,1.124177113419123,1.3979170446004183,0.339057355015256,1.7920777687212166,0.9647969006335627,6.622140262933337,21.547837932580407,8.136507327920627,1.6367913924043092,5.346844175625112,13.028004914203908,4.483158146244543,5.415885347697113,9.724578511394656,0.283295203999585,10.93353333777991,1.7249771104584166,9.146127382563128,1.0760847220006746,2.680050570805672,1.2570149436222207,0.010376598907664358,9.467940963701831e-05,1.6060282970061632,0.1812764644546492,2.4181079229249627,0.47984042567476,1.099479578732309,0.38205204965984807,0.10629631128019132,0.003164213085006366,132.0,0,92.62612841462227,17.976789768896534,113.70530198430359,0,2.2438960966453663,2.030138345487297,0.22052101289019121,8.430000000000001,6.615139806135765,1.8096173325971057,2.2506593583774883,5.108109610513806,8.493993717332028,1.6929420534091109,0,0,1.8148601938642361
246,20.073675930825544,6.039662145325288,4,6,2.8904437014820727,0.0199278128621341,50.0,60,4.0,5,1.0,4,9.0,3,5.0,2,9.0,1,5.0,5,9.0,3,2.0,5,3.9523534573441026,1.1274808180392688,1.3862414825754654,0.32697602490589406,1.7920777687212166,0.9647969006335627,6.622140262933337,21.547837932580407,1.0145843735781463,0.035316320239351384,5.394430823265102,12.79333230904351,4.483158146244543,5.415885347697113,9.724578511394656,0.283295203999585,10.93353333777991,1.7249771104584166,9.146127382563128,1.0760847220006746,2.680050570805672,1.2570149436222207,0.010376598907664358,9.467940963701831e-05,1.6060282970061632,0.1812764644546492,2.4181079229249627,0.47984042567476,1.099479578732309,0.38205204965984807,0.10629631128019132,0.003164213085006366,132.0,0,81.40009859321191,17.484155306069606,113.70530198430359,0,1.1085626195212777,1.9809641185685636,0.15871683527622193,2.03,6.24972921539633,1.8222472832923415,2.1396809538447856,5.185743960755155,7.496726348523929,1.1554911938843868,0,0,4.219729215396331
247,10.709566875048452,3.5713829230265484,4,6,5.799637963324997,0.0373500703652627,50.0,60,8.0,5,1.0,4,9.0,3,5.0,2,9.0,1,5.0,5,9.0,3,2.0,5,4.255875124775672,1.0869285811825222,9.628938697730485,0.01876617409199781,1.7920777687212166,0.9647969006335627,6.622140262933337,21.547837932580407,9.319557621816804,1.3781312823033744,8.026944106737798,5.510824262187567,4.483158146244543,5.415885347697113,9.724578511394656,0.283295203999585,10.93353333777991,1.7249771104584166,9.146127382563128,1.0760847220006746,2.680050570805672,1.2570149436222207,0.010376598907664358,9.467940963701831e-05,1.6060282970061632,0.1812764644546492,2.4181079229249627,0.47984042567476,1.099479578732309,0.38205204965984807,0.10629631128019132,0.003164213085006366,152.0,0,179.81114483904068,19.24730714184092,157.43943533542318,0,2.8903717578961645,3.636041217784081,0.2445240626753642,16.999999999999996,36.94133753291353,3.391517155108717,3.8805652804594453,28.710994280629123,47.45159607213222,9.370300895751548,4,1,19.941337532913533
248,19.952925394167615,6.082172771669924,3,6,2.64470409922074,0.0200480437333094,40.0,90,4.0,5,1.0,4,7.0,3,5.0,2,9.0,1,5.0,5,8.0,3,3.0,5,3.9593218635919474,1.1287165140321935,1.4655470661445271,0.40903776485175286,1.5260659960672207,0.7269947167029547,6.622140262933337,21.547837932580407,1.8802980185620646,2.1316573164044996,5.412555569106075,12.70395048587854,3.840421925128728,6.380561429790441,8.90687197921755,4.901246850353492,10.93353333777991,1.7249771104584166,9.146127382563128,1.0760847220006746,2.680050570805672,1.2570149436222207,0.010376598907664358,9.467940963701831e-05,1.6060282970061632,0.1812764644546492,2.4181079229249627,0.47984042567476,1.099479578732309,0.38205204965984807,0.10629631128019132,0.003164213085006366,128.0,0,82.1292955263217,17.74226304148901,107.35201757524011,0,1.7817091333745536,2.0439919171060223,0.2262729943067736,4.94,6.721370831389345,1.8177189227992487,2.270264911412796,5.157796009141348,8.681965337488277,1.7620846641734644,0,0,1.7813708313893448
249,20.215549633580483,6.079034711151722,3,6,1.5314839847316457,0.0197879279057748,22.2266666829408,90,4.0,5,1.0,4,7.0,3,5.0,2,10.0,1,5.0,5,6.0,3,3.0,5,3.944166051937508,1.126028958934971,1.459692865864025,0.40298010989999017,1.5260659960672207,0.7269947167029547,6.622140262933337,21.547837932580407,5.802050288507088,11.628250223222087,5.373343233562027,12.89732533771014,4.293045585109719,2.7264022554768865,8.90687197921755,4.901246850353492,10.93353333777991,1.7249771104584166,9.146127382563128,1.0760847220006746,2.680050570805672,1.2570149436222207,0.010376598907664358,9.467940963701831e-05,1.6060282970061632,0.1812764644546492,2.4181079229249627,0.47984042567476,1.099479578732309,0.38205204965984807,0.10629631128019132,0.003164213085006366,123.0,0,88.61132162397284,18.482643287370212,106.75908671478166,0,1.55814461804655,1.972812962392808,0.21474561622791133,3.7500000000000004,6.190875728171013,1.7580673461648966,2.1875585786207195,4.80121481315651,7.913425102054393,1.5561051444489413,0,0,2.440875728171013
250,20.371773574326976,6.036175182249032,3,6,5.084787524671833,0.0196362347491405,28.37053497263297,60,4.0,5,1.0,4,7.0,3,5.0,2,9.0,1,5.0,5,6.0,3,2.0,5,3.935150507038981,1.1244302472197079,1.3797363880749907,0.3202448548016311,1.5260659960672207,0.7269947167029547,6.622140262933337,21.547837932580407,8.438522482378774,1.57247071722299,5.350475563362724,13.010096797894057,3.444637774987632,2.2911169589624993,9.724578511394656,0.283295203999585,10.93353333777991,1.7249771104584166,9.146127382563128,1.0760847220006746,2.680050570805672,1.2570149436222207,0.010376598907664358,9.467940963701831e-05,1.6060282970061632,0.1812764644546492,2.4181079229249627,0.47984042567476,1.099479578732309,0.38205204965984807,0.10629631128019132,0.003164213085006366,117.0,0,91.11452231190096,17.677713965898494,105.04676210649531,0,1.8180767775454285,2.121052479070598,0.2030377307930935,5.160000000000001,7.339910451398278,1.9180147482775045,2.3240902098636917,5.8074305823140175,9.21738018424259,1.704974800964286,0,0,2.1799104513982765
251,18.57761795909829,6.027894133873878,3,6,3.1263422944985044,0.0215314802194447,39.99999999999999,60,5.0,5,1.0,4,7.0,3,5.0,2,9.0,1,5.0,5,7.0,3,2.0,5,4.056616125690802,1.129390067694641,1.3642877007601761,0.304259269627427,1.5260659960672207,0.7269947167029547,6.622140262933337,21.547837932580407,2.0426783177838113,0.28342430814739195,6.048518591325743,11.017232833473589,3.84042192512872,6.380561429790427,9.724578511394656,0.283295203999585,10.93353333777991,1.7249771104584166,9.146127382563128,1.0760847220006746,2.680050570805672,1.2570149436222207,0.010376598907664358,9.467940963701831e-05,1.6060282970061632,0.1812764644546492,2.4181079229249627,0.47984042567476,1.099479578732309,0.38205204965984807,0.10629631128019132,0.003164213085006366,125.0,0,84.15246829629471,17.20812645284095,117.07977502300753,0,1.809926773183504,2.103235730711029,0.246788330147529,5.11,7.192636235199943,1.8564474005635003,2.350024060858558,5.400956296704855,9.485822019572826,2.0424328614339853,0,0,2.082636235199943
252,18.358817598814305,6.027823687565405,3,6,2.5784223555270818,0.0217897538974521,40.0,60,5.0,5,1.0,4,7.0,3,5.0,2,9.0,1,5.0,5,8.0,3,2.0,5,4.0763629749413814,1.1263066784407452,1.3641562798406528,0.30412328135477307,1.5260659960672207,0.7269947167029547,6.622140262933337,21.547837932580407,2.1138013261319397,2.697089730731273,6.193212170108018,10.675463421138403,3.840421925128728,6.380561429790441,9.724578511394656,0.283295203999585,10.93353333777991,1.7249771104584166,9.146127382563128,1.0760847220006746,2.680050570805672,1.2570149436222207,0.010376598907664358,9.467940963701831e-05,1.6060282970061632,0.1812764644546492,2.4181079229249627,0.47984042567476,1.099479578732309,0.38205204965984807,0.10629631128019132,0.003164213085006366,128.0,0,84.83127939164643,17.353588818116823,118.17925460173984,0,1.840549633397487,2.0958805180232454,0.2373583342998532,5.299999999999999,7.132598718234328,1.8585221837233923,2.3332388523230985,5.414250679748438,9.311284234750326,1.9485167775009442,0,0,1.8325987182343288
253,17.758070417974402,6.033125460684471,3,6,2.7568155661912925,0.0225270070191719,40.0,60,5.0,5,1.0,4,7.0,3,5.0,2,9.0,1,5.0,5,8.0,3,2.0,5,4.130580728524417,1.1178407993201362,1.3740469882896318,0.31435772775933934,1.5260659960672207,0.7269947167029547,6.622140262933337,21.547837932580407,1.4853416264199621,1.1752633848287193,6.606246101684219,9.699868199447879,3.840421925128728,6.380561429790441,9.724578511394656,0.283295203999585,10.93353333777991,1.7249771104584166,9.146127382563128,1.0760847220006746,2.680050570805672,1.2570149436222207,0.010376598907664358,9.467940963701831e-05,1.6060282970061632,0.1812764644546492,2.4181079229249627,0.47984042567476,1.099479578732309,0.38205204965984807,0.10629631128019132,0.003164213085006366,128.0,0,85.50396924844009,17.154728238528037,118.17925460173984,0,2.462575829302987,1.953950079905032,0.2045325298738484,10.735000000000001,6.0565063651994935,1.7494175500311835,2.1584826097788805,4.751251883785681,7.657990136457834,1.4533691263360766,0,1,4.678493634800508
254,19.357607641070125,6.05130519465882,3,6,28.638100541620958,0.0206642925578619,40.0,60,4.0,5,1.0,4,7.0,3,5.0,2,1.0,1,5.0,5,8.0,3,2.0,5,3.993677122499734,1.1348086754616984,1.4079621416509966,0.34945155558472324,1.5260659960672207,0.7269947167029547,6.622140262933337,21.547837932580407,4.7361782136875075,4.603550795155324,5.56269097157638,12.16476834607424,3.840421925128728,6.380561429790441,9.724578511394656,0.283295203999585,10.93353333777991,1.7249771104584166,9.146127382563128,1.0760847220006746,2.680050570805672,1.2570149436222207,0.010376598907664358,9.467940963701831e-05,1.6060282970061632,0.1812764644546492,2.4181079229249627,0.47984042567476,1.099479578732309,0.38205204965984807,0.10629631128019132,0.003164213085006366,115.0,0,87.014828040721,17.83984576962255,94.39749488791061,0,1.7457155307266483,2.4428940740510545,0.2673060351103207,4.73,10.506292665850168,2.1755880389407336,2.7102001091613754,7.807362671954245,14.03228331152856,3.112460319787158,0,0,5.776292665850168
255,17.58569607291172,6.0176914400667885,4,6,1.3108107281970167,0.0227474500682154,49.99999999999999,60,6.0,5,1.0,4,9.0,3,5.0,2,10.0,1,5.0,5,8.0,3,2.0,5,4.146137605131943,1.1154116570530772,1.3452540930267116,0.28456417506078946,1.7920777687212166,0.9647969006335627,6.622140262933337,21.547837932580407,6.098650131142254,12.346472019973112,6.729745693008686,9.408159451168792,4.483158146244543,5.415885347697118,9.724578511394656,0.283295203999585,10.93353333777991,1.7249771104584166,9.146127382563128,1.0760847220006746,2.680050570805672,1.2570149436222207,0.010376598907664358,9.467940963701831e-05,1.6060282970061632,0.1812764644546492,2.4181079229249627,0.47984042567476,1.099479578732309,0.38205204965984807,0.10629631128019132,0.003164213085006366,140.0,0,94.53805708410638,18.15423954579479,136.07891737813725,0,2.201659174404085,1.9282579452483941,0.29308005557899874,8.040000000000001,5.8775187854478705,1.6351778896693954,2.2213380008273926,4.13037055577941,8.21965852757052,2.0446439858955547,0,0,2.1624812145521304
256,17.242255978515495,6.028681514194398,3,6,26.161640704841517,0.0231994200899573,40.0,60,6.0,5,1.0,4,7.0,3,5.0,2,1.0,1,5.0,5,8.0,3,2.0,5,4.177133256884275,1.1105718135763853,1.3657565959795357,0.3057792142779047,1.5260659960672207,0.7269947167029547,6.622140262933337,21.547837932580407,4.719349966377569,4.552303733136145,6.98295446152386,8.810074776355652,3.840421925128728,6.380561429790441,9.724578511394656,0.283295203999585,10.93353333777991,1.7249771104584166,9.146127382563128,1.0760847220006746,2.680050570805672,1.2570149436222207,0.010376598907664358,9.467940963701831e-05,1.6060282970061632,0.1812764644546492,2.4181079229249627,0.47984042567476,1.099479578732309,0.38205204965984807,0.10629631128019132,0.003164213085006366,125.0,0,92.04195826138712,17.405239402461333,116.26456156347044,0,2.178155014615869,2.0772325512396517,0.2312375792767709,7.830000000000001,6.982347580669418,1.8459949719628808,2.3084701305164224,5.334399205622909,9.059023883758055,1.8623123390675729,0,0,0.8476524193305828
257,16.843950489364303,6.041684650695514,3,6,20.89354304287412,0.0237486839628752,40.0,60,6.0,5,1.0,4,7.0,3,5.0,2,1.0,1,5.0,5,8.0,3,2.0,5,4.2130805397851745,1.1049587932713802,1.3900145619781787,0.33088023248884324,1.5260659960672207,0.7269947167029547,6.622140262933337,21.547837932580407,4.710307354822905,3.770463609142634,7.290670509405546,8.083242710028244,3.840421925128728,6.380561429790441,9.724578511394656,0.283295203999585,10.93353333777991,1.7249771104584166,9.146127382563128,1.0760847220006746,2.680050570805672,1.2570149436222207,0.010376598907664358,9.467940963701831e-05,1.6060282970061632,0.1812764644546492,2.4181079229249627,0.47984042567476,1.099479578732309,0.38205204965984807,0.10629631128019132,0.003164213085006366,125.0,0,93.38642344781042,17.343264620839484,116.26456156347044,0,2.189416394888408,2.3040001907268146,0.2667495126556392,7.930000000000001,9.01416099456022,2.0372506780711754,2.570749703382454,6.6694942775208945,12.075623606487282,2.7030646644831937,0,0,1.0841609945602189
258,17.06083406805656,5.982080465488357,3,6,3.125079189983574,0.023446965538883,40.0,60,6.0,5,1.0,4,7.0,3,5.0,2,9.0,1,5.0,5,8.0,3,2.0,5,4.1935066810958945,1.1080151707609702,1.2788201360788662,0.215821397398975,1.5260659960672207,0.7269947167029547,6.622140262933337,21.547837932580407,2.036995632877249,0.28187962172779024,7.121637726472364,8.482501857356286,3.840421925128728,6.380561429790441,9.724578511394656,0.283295203999585,10.93353333777991,1.7249771104584166,9.146127382563128,1.0760847220006746,2.680050570805672,1.2570149436222207,0.010376598907664358,9.467940963701831e-05,1.6060282970061632,0.1812764644546492,2.4181079229249627,0.47984042567476,1.099479578732309,0.38205204965984807,0.10629631128019132,0.003164213085006366,133.0,0,87.45325984396831,16.727933330467174,129.11278793951976,0,1.597365331199831,2.1667030052307585,0.20744843802666035,3.9399999999999995,7.729455573837474,1.9592545672040982,2.3741514432574187,6.094036965885139,9.741894210878849,1.823928622496855,0,0,3.7894555738374747
259,17.494307435315747,5.993214420804388,3,6,4.391381634067331,0.022865759462109,40.0,60,6.0,5,1.0,4,7.0,3,5.0,2,9.0,1,5.0,5,8.0,3,2.0,5,4.154385478432889,1.114123785576422,1.2995910561921402,0.2373141822454209,1.5260659960672207,0.7269947167029547,6.622140262933337,21.547837932580407,7.573125885353203,1.7567756853633045,6.79602658441852,9.251602529314804,3.840421925128728,6.380561429790441,9.724578511394656,0.283295203999585,10.93353333777991,1.7249771104584166,9.146127382563128,1.0760847220006746,2.680050570805672,1.2570149436222207,0.010376598907664358,9.467940963701831e-05,1.6060282970061632,0.1812764644546492,2.4181079229249627,0.47984042567476,1.099479578732309,0.38205204965984807,0.10629631128019132,0.003164213085006366,133.0,0,95.31931931064256,17.251593004690534,129.11278793951976,0,2.1041341542702074,2.2287767570423895,0.3240698649854252,7.2,8.288497038762282,1.9047068920569643,2.5528466220278148,5.717438404498363,11.843612705301538,3.0630871504015875,0,0,1.0884970387622817
260,17.06605278584422,5.9803569346376335,3,6,2.892857923992,0.0234391621671628,40.0,60,6.0,5,1.0,4,7.0,3,5.0,2,9.0,1,5.0,5,8.0,3,2.0,5,4.193035689031254,1.108088714233772,1.2756048077793538,0.21249432479096148,1.5260659960672207,0.7269947167029547,6.622140262933337,21.547837932580407,1.0060793326745285,0.014721212349320112,7.117266015853321,8.492827933895025,3.840421925128728,6.380561429790441,9.724578511394656,0.283295203999585,10.93353333777991,1.7249771104584166,9.146127382563128,1.0760847220006746,2.680050570805672,1.2570149436222207,0.010376598907664358,9.467940963701831e-05,1.6060282970061632,0.1812764644546492,2.4181079229249627,0.47984042567476,1.099479578732309,0.38205204965984807,0.10629631128019132,0.003164213085006366,133.0,0,85.75245041626853,16.68266485198719,129.11278793951976,0,1.8357763546448294,1.9367154464188223,0.187514723308302,5.2700000000000005,5.935932075672468,1.7492007231105204,2.124230169727124,4.750004992734421,7.366454258584006,1.3082246329247926,0,0,0.6659320756724671
261,19.33325784888534,9.557082333802988,2,6,4.858158700979209,0.0206911562649404,0.050000000745058,60,4.0,5,1.0,4,3.0,3,5.0,2,9.0,1,5.0,5,2.0,3,2.0,5,3.995082327384867,1.1350578581275819,7.4096119808703,2.8357522424657096,1.9567948333695546,1.120898093680396,6.622140262933337,21.547837932580407,8.155681197831095,1.6327079010950976,5.577740921484306,12.129220033709629,5.162023171261571,11.417202873834851,9.724578511394656,0.283295203999585,10.93353333777991,1.7249771104584166,9.146127382563128,1.0760847220006746,2.680050570805672,1.2570149436222207,0.010376598907664358,9.467940963701831e-05,1.6060282970061632,0.1812764644546492,2.4181079229249627,0.47984042567476,1.099479578732309,0.38205204965984807,0.10629631128019132,0.003164213085006366,93.0,0,150.05770543518668,24.470166641238805,89.92864150834339,0,2.70805020110221,3.4669480445430927,0.5462320464485246,14.0,31.03881205389088,2.9207159980945683,4.013180090991617,17.55456773999922,54.32252177514681,18.383977017573795,2,1,17.03881205389088
262,16.69443887911714,5.9626664457487175,3,6,4.190080523457227,0.0239614358956625,40.0,60,6.0,5,1.0,4,7.0,3,5.0,2,9.0,1,5.0,5,8.0,3,2.0,5,4.2265740423778135,1.1028518383661396,1.2426023642589117,0.17834492678049235,1.5260659960672207,0.7269947167029547,6.622140262933337,21.547837932580407,6.828417824518758,1.584300028930006,7.409861279387759,7.801711492434297,3.840421925128728,6.380561429790441,9.724578511394656,0.283295203999585,10.93353333777991,1.7249771104584166,9.146127382563128,1.0760847220006746,2.680050570805672,1.2570149436222207,0.010376598907664358,9.467940963701831e-05,1.6060282970061632,0.1812764644546492,2.4181079229249627,0.47984042567476,1.099479578732309,0.38205204965984807,0.10629631128019132,0.003164213085006366,133.0,0,95.87566586591653,16.897992814454863,129.11278793951976,0,2.0451088625993306,2.101793695119987,0.26447794852798623,6.7299999999999995,7.180830676228201,1.837315746592001,2.3662716436479734,5.279659420418253,9.657582851628408,2.188961715605078,0,0,0.4508306762282013
263,9.222183786079288,3.3057019405974675,4,6,5.38185130442832,0.0433737511584556,50.0,60,8.0,5,1.0,4,9.0,3,5.0,2,9.0,1,5.0,5,9.0,3,2.0,5,4.134182344875344,1.1002450385549438,9.600994022622892,0.024544171557794182,1.7920777687212166,0.9647969006335627,6.622140262933337,21.547837932580407,8.809269237755629,1.493512157445065,6.578943623038009,7.027322129024538,4.483158146244543,5.415885347697113,9.724578511394656,0.283295203999585,10.93353333777991,1.7249771104584166,9.146127382563128,1.0760847220006746,2.680050570805672,1.2570149436222207,0.010376598907664358,9.467940963701831e-05,1.6060282970061632,0.1812764644546492,2.4181079229249627,0.47984042567476,1.099479578732309,0.38205204965984807,0.10629631128019132,0.003164213085006366,152.0,0,173.9040681883655,19.171182319529404,157.43943533542318,0,3.7612001156935624,3.1439482785597583,0.21136535623785746,42.0,22.19526768010317,2.9325829223219007,3.355313634797616,17.77606503591783,27.654589858014873,4.939262411048521,3,2,19.80473231989683
264,9.290881309120884,3.10472818654926,4,9,2.947161207011856,0.1614489811953064,50.0,60,8.0,5,1.0,4,9.0,3,8.0,2,9.0,1,5.0,5,9.0,3,2.0,5,4.139802949690068,1.0996299934842027,9.570051447954832,0.027054555679703687,1.7920777687212166,0.9647969006335627,4.6,24.3000000001,1.236545769474448,0.06429866239244245,4.869464508397404,7.352947713945538,4.483158146244543,5.415885347697113,9.724578511394656,0.283295203999585,10.93353333777991,1.7249771104584166,9.146127382563128,1.0760847220006746,2.680050570805672,1.2570149436222207,0.010376598907664358,9.467940963701831e-05,1.6060282970061632,0.1812764644546492,2.4181079229249627,0.47984042567476,1.099479578732309,0.38205204965984807,0.10629631128019132,0.003164213085006366,158.0,0,157.3658204239343,18.497216433125775,157.4705651321462,0,1.6074359097634274,3.1622877411222943,0.23183078855314854,3.9900000000000007,22.624581079130493,2.9304569525691457,3.394118529675443,17.736190091057765,28.7883843221032,5.5260971155227185,2,0,18.63458107913049
265,9.285333661703332,3.0957144973751127,4,9,3.138927004723876,0.1615453795919005,50.0,60,8.0,5,1.0,4,9.0,3,8.0,2,9.0,1,5.0,5,9.0,3,2.0,5,4.139349059470961,1.09967966126038,9.56886384108753,0.026988893424756157,1.7920777687212166,0.9647969006335627,4.6,24.3000000001,2.0992967068449326,0.29881450804769666,4.869400726112087,7.352661373023081,4.483158146244543,5.415885347697113,9.724578511394656,0.283295203999585,10.93353333777991,1.7249771104584166,9.146127382563128,1.0760847220006746,2.680050570805672,1.2570149436222207,0.010376598907664358,9.467940963701831e-05,1.6060282970061632,0.1812764644546492,2.4181079229249627,0.47984042567476,1.099479578732309,0.38205204965984807,0.10629631128019132,0.003164213085006366,158.0,0,158.73544398263937,18.52676857733425,157.4705651321462,0,2.7549337870010606,2.906286664813888,0.26988331980582014,14.720000000000002,17.28876002413343,2.636403345008068,3.1761699846197082,12.962893477349697,22.954830262289494,4.995968392469899,2,1,2.5687600241334287
266,16.47502985212578,6.272895526041353,3,4,4.3272238982967,0.0091054287537783,40.0,60,6.0,5,1.0,4,7.0,3,4.0,2,9.0,1,3.0,5,8.0,3,2.0,5,4.246375824123472,1.0997598716291799,1.9978632084507792,0.5580475617310608,1.5260659960672207,0.7269947167029547,6.344978097835935,23.819939929212172,7.445423446003943,1.7520165608153921,1.9861525022908884,3.9111939457387708,3.840421925128728,6.380561429790441,9.724578511394656,0.283295203999585,10.93353333777991,1.7249771104584166,9.146127382563128,1.0760847220006746,2.680050570805672,1.2570149436222207,0.010376598907664358,9.467940963701831e-05,1.6060282970061632,0.1812764644546492,2.4181079229249627,0.47984042567476,1.099479578732309,0.38205204965984807,0.10629631128019132,0.003164213085006366,121.0,0,90.872820516183,16.573631027593947,124.26619549476216,0,3.288401887516811,2.599718016336024,0.31705078412811294,25.8,12.459942016052585,2.2826672322079107,2.916768800464137,8.802791893619297,17.481473547696396,4.33934082703855,0,2,13.340057983947416
267,9.187545109699492,3.158470968809937,4,6,3.325746895581178,0.0435372128288321,49.99999999999999,60,9.0,5,1.0,4,9.0,3,5.0,2,9.0,1,5.0,5,8.0,3,2.0,5,4.131348322590173,1.1005551566817866,9.577132377421954,0.02744605711737377,1.7920777687212166,0.9647969006335627,6.622140262933337,21.547837932580407,2.9397960966195145,0.5272818636051065,6.516207818958315,7.092824563707332,4.483158146244543,5.415885347697118,9.724578511394656,0.283295203999585,10.93353333777991,1.7249771104584166,9.146127382563128,1.0760847220006746,2.680050570805672,1.2570149436222207,0.010376598907664358,9.467940963701831e-05,1.6060282970061632,0.1812764644546492,2.4181079229249627,0.47984042567476,1.099479578732309,0.38205204965984807,0.10629631128019132,0.003164213085006366,154.0,0,164.07659876658687,18.769038591911986,167.27348909447082,0,3.531055368920369,2.9415592189777966,0.24523738864144629,33.160000000000004,17.945363264522218,2.69632183033635,3.186796607619243,13.825102077185639,23.210746567273937,4.692822245044149,2,2,15.214636735477786
268,9.182662559632243,3.168798319051315,4,6,3.1362200171689856,0.0435603554081764,50.0,60,9.0,5,1.0,4,9.0,3,5.0,2,9.0,1,5.0,5,9.0,3,2.0,5,4.130948848443202,1.1005988698786902,9.578493066905551,0.02752128903311663,1.7920777687212166,0.9647969006335627,6.622140262933337,21.547837932580407,2.0871180176402007,0.29550405601095353,6.5073258081462475,7.10209826859729,4.483158146244543,5.415885347697113,9.724578511394656,0.283295203999585,10.93353333777991,1.7249771104584166,9.146127382563128,1.0760847220006746,2.680050570805672,1.2570149436222207,0.010376598907664358,9.467940963701831e-05,1.6060282970061632,0.1812764644546492,2.4181079229249627,0.47984042567476,1.099479578732309,0.38205204965984807,0.10629631128019132,0.003164213085006366,157.0,0,162.69377335823467,18.7332474468323,168.3729686732031,0,2.9444389791664403,3.24938545906831,0.33423930866389506,17.999999999999996,24.77449556667136,2.9151461504044147,3.583624767732205,17.451508901182926,35.00381005554357,8.77615057718032,2,1,6.774495566671362
269,13.588041582990288,4.294281507600946,2,6,9.773891531835307,0.0294393888868559,0.050000000745058,60,7.0,5,1.0,4,3.0,3,5.0,2,5.0,1,5.0,5,2.0,3,2.0,5,4.491382434008962,1.0611577585678404,9.827706909768045,0.01531167445167506,1.9567948333695546,1.120898093680396,6.622140262933337,21.547837932580407,7.486810058884854,2.6177710897290396,8.62053539908092,4.588423846098562,5.162023171261571,11.417202873834851,9.724578511394656,0.283295203999585,10.93353333777991,1.7249771104584166,9.146127382563128,1.0760847220006746,2.680050570805672,1.2570149436222207,0.010376598907664358,9.467940963701831e-05,1.6060282970061632,0.1812764644546492,2.4181079229249627,0.47984042567476,1.099479578732309,0.38205204965984807,0.10629631128019132,0.003164213085006366,104.0,0,183.88380289724392,19.58111385120855,116.30512833365844,0,2.9407479652212314,3.5291102815710906,0.4031504568477269,17.93,33.09362039414263,3.1259598247233638,3.9322607384188175,21.781751090824013,50.02219521870194,14.120222063938963,4,1,15.163620394142633
270,9.31577370626034,3.0969101698290418,4,6,3.239400501018587,0.0429379963673714,50.0,60,8.0,5,1.0,4,9.0,3,5.0,2,9.0,1,5.0,5,9.0,3,2.0,5,4.141839563544797,1.0994071332487574,9.569021378006088,0.02699760357084471,1.7920777687212166,0.9647969006335627,6.622140262933337,21.547837932580407,2.5513251923380897,0.42168640298737065,6.7461842191807015,6.8527062715274,4.483158146244543,5.415885347697113,9.724578511394656,0.283295203999585,10.93353333777991,1.7249771104584166,9.146127382563128,1.0760847220006746,2.680050570805672,1.2570149436222207,0.010376598907664358,9.467940963701831e-05,1.6060282970061632,0.1812764644546492,2.4181079229249627,0.47984042567476,1.099479578732309,0.38205204965984807,0.10629631128019132,0.003164213085006366,152.0,0,164.04933335608547,18.747936332723643,157.43943533542318,0,2.9826470340053355,3.221962844464282,0.21341458157958804,18.74,24.077294733697936,3.008548262884694,3.4353774260438703,19.25796932171498,30.043126839305334,5.392578758795176,2,1,5.337294733697938
271,15.598717292267985,6.084793155231623,3,6,2.917094657353529,0.0195317407155738,40.0,60,7.0,5,1.0,4,7.0,3,5.0,2,9.0,1,5.0,5,8.0,3,2.0,5,4.325463500183246,1.0874106564514152,1.470435515584216,0.4140961056217805,1.5260659960672207,0.7269947167029547,6.622140262933337,21.547837932580407,1.1012768935293613,0.027529424065350108,5.334723138201193,13.08777956887253,3.840421925128728,6.380561429790441,9.724578511394656,0.283295203999585,10.93353333777991,1.7249771104584166,9.146127382563128,1.0760847220006746,2.680050570805672,1.2570149436222207,0.010376598907664358,9.467940963701831e-05,1.6060282970061632,0.1812764644546492,2.4181079229249627,0.47984042567476,1.099479578732309,0.38205204965984807,0.10629631128019132,0.003164213085006366,138.0,0,84.82480969710102,17.64970111357971,140.04632127729965,0,2.7212954278522306,2.059728867628671,0.44309779010857886,14.199999999999998,6.843842802281797,1.616631077520092,2.5028266577372498,4.036095490203432,11.216978416432415,3.5904414631144914,0,1,7.3561571977182005
272,9.91206703299771,3.1246428015551686,4,9,3.1445205683456807,0.1413118002067117,50.0,60,8.0,5,1.0,4,9.0,3,8.0,2,9.0,1,5.0,5,9.0,3,2.0,5,4.190626317344032,1.0940685525388874,9.572675316282634,0.027199628191350782,1.7920777687212166,0.9647969006335627,4.6,24.3000000001,2.1244620507985004,0.30565503601798616,5.147434611652261,7.6694035622563534,4.483158146244543,5.415885347697113,9.724578511394656,0.283295203999585,10.93353333777991,1.7249771104584166,9.146127382563128,1.0760847220006746,2.680050570805672,1.2570149436222207,0.010376598907664358,9.467940963701831e-05,1.6060282970061632,0.1812764644546492,2.4181079229249627,0.47984042567476,1.099479578732309,0.38205204965984807,0.10629631128019132,0.003164213085006366,158.0,0,160.04367802467408,18.6179665163572,157.4705651321462,0,3.531055368920369,3.0837807663507784,0.3656367397646285,33.160000000000004,20.840821537404942,2.71814402658615,3.449417506115407,14.152174099638273,30.482048865856115,8.16493738310892,2,2,12.319178462595062
273,16.73104804652871,6.095898580619278,4,6,16.73859608387238,0.0239077635702374,47.90123455815052,60,6.0,5,1.0,4,9.0,3,5.0,2,3.0,1,5.0,5,8.0,3,2.0,5,4.223270045487099,1.1033677438849623,1.4911532117670623,0.43553381681337056,1.7920777687212166,0.9647969006335627,6.622140262933337,21.547837932580407,4.551518116125321,3.436657703708807,7.3797922421275945,7.872735219128865,3.001354040850027,1.698793610994203,9.724578511394656,0.283295203999585,10.93353333777991,1.7249771104584166,9.146127382563128,1.0760847220006746,2.680050570805672,1.2570149436222207,0.010376598907664358,9.467940963701831e-05,1.6060282970061632,0.1812764644546492,2.4181079229249627,0.47984042567476,1.099479578732309,0.38205204965984807,0.10629631128019132,0.003164213085006366,133.0,0,94.17373067896689,17.408289990698343,124.8367192990941,0,1.843719208158766,2.7193755889200597,0.44221021267119043,5.32,14.170846442253058,2.2771653762488695,3.16158580159125,8.749006440208442,22.608003870546355,6.929498715168957,0,0,8.850846442253058
274,20.54127240694935,6.920713754549771,3,6,70.91729796019715,0.0194733349406458,40.0,60,4.0,5,1.0,4,7.0,3,5.0,2,1.0,1,5.0,5,8.0,3,2.0,5,3.9253688799179844,1.1226956874067755,2.744615162259733,0.5528261858470732,1.5260659960672207,0.7269947167029547,6.622140262933337,21.547837932580407,4.861274393068181,4.400279245805066,5.325918495800559,13.131199487528997,3.840421925128728,6.380561429790441,9.724578511394656,0.283295203999585,10.93353333777991,1.7249771104584166,9.146127382563128,1.0760847220006746,2.680050570805672,1.2570149436222207,0.010376598907664358,9.467940963701831e-05,1.6060282970061632,0.1812764644546492,2.4181079229249627,0.47984042567476,1.099479578732309,0.38205204965984807,0.10629631128019132,0.003164213085006366,115.0,0,98.12154299031221,18.51949466221723,94.39749488791061,0,1.2919836816486494,2.7363762491931167,0.16158472865693074,2.6400000000000006,14.430965683099739,2.574791520536186,2.8979609778500475,12.12857983387754,17.13712563932929,2.5042729027258757,0,0,11.790965683099738
275,19.757091842987386,7.022363183073773,3,6,6.972874318813792,0.0202460288901046,40.0,60,4.0,5,1.0,4,7.0,3,5.0,2,5.0,1,5.0,5,8.0,3,2.0,5,3.970623243936515,1.1307205691790383,2.428281578561624,0.5041558268206588,1.5260659960672207,0.7269947167029547,6.622140262933337,21.547837932580407,9.537253593649346,0.5806057173408575,5.4424017360024814,12.55676470820788,3.840421925128728,6.380561429790441,9.724578511394656,0.283295203999585,10.93353333777991,1.7249771104584166,9.146127382563128,1.0760847220006746,2.680050570805672,1.2570149436222207,0.010376598907664358,9.467940963701831e-05,1.6060282970061632,0.1812764644546492,2.4181079229249627,0.47984042567476,1.099479578732309,0.38205204965984807,0.10629631128019132,0.003164213085006366,119.0,0,103.51452979446908,18.393227770823092,100.82160807593526,0,2.747270914255491,2.620224153115318,0.2931674375519786,14.599999999999998,12.738802835409553,2.3270567155633395,2.9133915906672967,9.247735102553039,17.4191630112719,4.08571395435943,1,1,1.861197164590445
276,19.39520764287515,6.995582128469274,3,6,7.524755686479834,0.020623881941768,39.99999999999999,60,4.0,5,1.0,4,7.0,3,5.0,2,5.0,1,5.0,5,7.0,3,2.0,5,3.9915072597831864,1.1344238972830636,2.511624368592712,0.5169787571768213,1.5260659960672207,0.7269947167029547,6.622140262933337,21.547837932580407,9.383549574827994,0.6272213610947985,5.540051588776963,12.218243065685888,3.84042192512872,6.380561429790427,9.724578511394656,0.283295203999585,10.93353333777991,1.7249771104584166,9.146127382563128,1.0760847220006746,2.680050570805672,1.2570149436222207,0.010376598907664358,9.467940963701831e-05,1.6060282970061632,0.1812764644546492,2.4181079229249627,0.47984042567476,1.099479578732309,0.38205204965984807,0.10629631128019132,0.003164213085006366,116.0,0,104.49440453107368,18.40337683056348,99.72212849720296,0,2.6602595372658615,2.7257799092842028,0.2216957351183404,13.299999999999999,14.26831718685249,2.5040841741658624,2.947475644402543,11.232351131193967,18.05778433091634,3.412716599861187,1,1,0.9683171868524916
277,19.351236788592168,6.963591882290587,3,6,7.592220576017256,0.0206707338833314,40.0,60,4.0,5,1.0,4,7.0,3,5.0,2,5.0,1,5.0,5,8.0,3,2.0,5,3.9940447787391196,1.1348738713365691,2.611178191610017,0.5322958798549131,1.5260659960672207,0.7269947167029547,6.622140262933337,21.547837932580407,9.336135796849522,0.6800592560973504,5.566299618192923,12.15624464347568,3.840421925128728,6.380561429790441,9.724578511394656,0.283295203999585,10.93353333777991,1.7249771104584166,9.146127382563128,1.0760847220006746,2.680050570805672,1.2570149436222207,0.010376598907664358,9.467940963701831e-05,1.6060282970061632,0.1812764644546492,2.4181079229249627,0.47984042567476,1.099479578732309,0.38205204965984807,0.10629631128019132,0.003164213085006366,119.0,0,105.42000322470157,18.44873646186347,100.82160807593526,0,2.797281334830153,2.6465862637395485,0.27109573195631653,15.400000000000002,13.10580286937239,2.3754905317832318,2.9176819956958653,9.756288193419675,17.498358449648045,3.871035128114185,1,1,2.2941971306276123
278,18.580848954490868,6.907822459538585,3,6,7.96444561611863,0.021527590027264,40.0,60,5.0,5,1.0,4,7.0,3,5.0,2,5.0,1,5.0,5,8.0,3,2.0,5,4.056324526632812,1.129435599687641,2.7847329436246824,0.5589986155952807,1.5260659960672207,0.7269947167029547,6.622140262933337,21.547837932580407,9.07453905326329,0.9715825613461866,6.046339175161001,11.022380662341504,3.840421925128728,6.380561429790441,9.724578511394656,0.283295203999585,10.93353333777991,1.7249771104584166,9.146127382563128,1.0760847220006746,2.680050570805672,1.2570149436222207,0.010376598907664358,9.467940963701831e-05,1.6060282970061632,0.1812764644546492,2.4181079229249627,0.47984042567476,1.099479578732309,0.38205204965984807,0.10629631128019132,0.003164213085006366,124.0,0,108.42895047775882,18.43192549163542,111.75514141371518,0,2.5726122302071057,2.7157722356027225,0.2221174994068098,12.099999999999998,14.116278894518405,2.4936547361959125,2.9378897350095325,11.10543755288811,17.87597095260276,3.3852666998573246,1,1,2.0162788945184076
279,18.733825302634024,6.899302789560107,3,6,4.572124758175598,0.0213519182393231,40.0,60,5.0,5,1.0,4,7.0,3,5.0,2,9.0,1,5.0,5,8.0,3,2.0,5,4.042518329596544,1.1315913805435436,2.811246203712327,0.5630778849296991,1.5260659960672207,0.7269947167029547,6.622140262933337,21.547837932580407,7.798700093271606,1.7087347670761606,5.947921946257321,11.25484431946537,3.840421925128728,6.380561429790441,9.724578511394656,0.283295203999585,10.93353333777991,1.7249771104584166,9.146127382563128,1.0760847220006746,2.680050570805672,1.2570149436222207,0.010376598907664358,9.467940963701831e-05,1.6060282970061632,0.1812764644546492,2.4181079229249627,0.47984042567476,1.099479578732309,0.38205204965984807,0.10629631128019132,0.003164213085006366,128.0,0,106.23347666314959,18.414488049305305,118.17925460173984,0,2.785011242238338,2.664605139481729,0.1978052922113962,15.199999999999996,13.362277329933315,2.466799847270333,2.8624104316931254,10.784673688264844,16.50366752261666,2.8594969171759077,1,1,1.8377226700666807
280,18.384597931704118,6.868647497085784,3,6,6.001279635065216,0.0217574105770108,40.00000000000001,60,5.0,5,1.0,4,7.0,3,5.0,2,5.0,1,5.0,5,8.0,3,2.0,5,4.074036286143684,1.126669981322382,2.898217688193991,0.5721744579243465,1.5260659960672207,0.7269947167029547,6.622140262933337,21.547837932580407,9.356972571912804,1.2410622361369645,6.175092356968487,10.718262817908036,3.840421925128736,6.380561429790454,9.724578511394656,0.283295203999585,10.93353333777991,1.7249771104584166,9.146127382563128,1.0760847220006746,2.680050570805672,1.2570149436222207,0.010376598907664358,9.467940963701831e-05,1.6060282970061632,0.1812764644546492,2.4181079229249627,0.47984042567476,1.099479578732309,0.38205204965984807,0.10629631128019132,0.003164213085006366,124.0,0,110.42548383265483,18.495009936719587,111.75514141371518,0,3.242592351485517,2.7490816197296795,0.10096345175169219,24.6,14.628272594343336,2.6481181679779873,2.8500450714813717,13.127428168289034,16.28856104406462,1.580566437887792,1,1,9.971727405656665
281,18.17984629460017,6.855828020234263,3,6,4.034809187676554,0.0220024994107354,40.08535284604218,60,5.0,5,1.0,4,7.0,3,5.0,2,9.0,1,5.0,5,8.0,3,2.0,5,4.092515230631953,1.1237845701798022,2.9176153766501596,0.564738746690175,1.5260659960672207,0.7269947167029547,6.622140262933337,21.547837932580407,6.129854826894362,1.3944142982570702,6.3123993436687345,10.393940698371056,3.937102493499588,6.541415611331364,9.724578511394656,0.283295203999585,10.93353333777991,1.7249771104584166,9.146127382563128,1.0760847220006746,2.680050570805672,1.2570149436222207,0.010376598907664358,9.467940963701831e-05,1.6060282970061632,0.1812764644546492,2.4181079229249627,0.47984042567476,1.099479578732309,0.38205204965984807,0.10629631128019132,0.003164213085006366,128.0,0,106.06041672453816,18.227012673558274,118.17925460173984,0,2.952302715626655,2.7392662857683177,0.16059874077972935,18.149999999999995,14.47562624255481,2.5786675449885883,2.899865026548047,12.179565276919025,17.171692507845574,2.4960636154632745,1,1,3.674373757445185
282,18.22899310569105,6.864457987486254,3,6,3.337772033719631,0.0219431905708204,40.0,60,5.0,5,1.0,4,7.0,3,5.0,2,9.0,1,5.0,5,8.0,3,2.0,5,4.088079704710064,1.1244771593006984,2.904557011002329,0.5697444068422544,1.5260659960672207,0.7269947167029547,6.622140262933337,21.547837932580407,2.9938969807434894,0.5419877468924666,6.279172541901965,10.47242313421359,3.840421925128728,6.380561429790441,9.724578511394656,0.283295203999585,10.93353333777991,1.7249771104584166,9.146127382563128,1.0760847220006746,2.680050570805672,1.2570149436222207,0.010376598907664358,9.467940963701831e-05,1.6060282970061632,0.1812764644546492,2.4181079229249627,0.47984042567476,1.099479578732309,0.38205204965984807,0.10629631128019132,0.003164213085006366,128.0,0,100.66940593605099,18.026985920789475,118.17925460173984,0,2.5494451709255714,2.70894654754579,0.17916270777835885,11.799999999999999,14.0134512242316,2.5297838397674313,2.888109255324149,11.550792861123877,16.95932098923966,2.7042640640578917,1,1,2.2134512242316013
283,18.106834717649317,6.867254210135391,3,6,6.762883416543129,0.0220911868929483,40.24691357955099,60,5.0,5,1.0,4,7.0,3,5.0,2,5.0,1,5.0,5,8.0,3,2.0,5,4.099104564405099,1.122755672825666,2.900325929154742,0.5713663064256966,1.5260659960672207,0.7269947167029547,6.622140262933337,21.547837932580407,9.498289429837053,0.7233502821396753,6.36208504642241,10.276581976757457,4.120104985699166,6.845889577493779,9.724578511394656,0.283295203999585,10.93353333777991,1.7249771104584166,9.146127382563128,1.0760847220006746,2.680050570805672,1.2570149436222207,0.010376598907664358,9.467940963701831e-05,1.6060282970061632,0.1812764644546492,2.4181079229249627,0.47984042567476,1.099479578732309,0.38205204965984807,0.10629631128019132,0.003164213085006366,124.0,0,111.70548411930938,18.466173012141223,111.75514141371518,0,2.803360380906535,2.8549030797198607,0.16020438007068938,15.499999999999998,16.372753353935934,2.6946986996491713,3.01510745979055,13.801058517262241,19.391282065718006,2.795111774227882,1,1,0.872753353935936
284,17.968855649766603,6.872661387755821,3,6,6.992335076220991,0.0222607801835833,40.0,60,5.0,5,1.0,4,7.0,3,5.0,2,5.0,1,5.0,5,8.0,3,2.0,5,4.111557248896474,1.120811237384061,2.8921441017585776,0.5745026443467424,1.5260659960672207,0.7269947167029547,6.622140262933337,21.547837932580407,9.54086456979796,0.5673769663963741,6.45709689721867,10.052161897547322,3.840421925128728,6.380561429790441,9.724578511394656,0.283295203999585,10.93353333777991,1.7249771104584166,9.146127382563128,1.0760847220006746,2.680050570805672,1.2570149436222207,0.010376598907664358,9.467940963701831e-05,1.6060282970061632,0.1812764644546492,2.4181079229249627,0.47984042567476,1.099479578732309,0.38205204965984807,0.10629631128019132,0.003164213085006366,124.0,0,111.75742389984708,18.40539430545578,111.75514141371518,0,2.5877640352277083,2.8115335932552155,0.1032539771800507,12.300000000000002,15.635410619827544,2.7082796160751648,2.914787570435266,14.003441619358732,17.444893745792385,1.7207260632168264,1,1,3.3354106198275417
285,18.102226406370583,6.862784975065559,3,6,5.854242738465191,0.0220967675200459,40.0,60,5.0,5,1.0,4,7.0,3,5.0,2,9.0,1,5.0,5,8.0,3,2.0,5,4.099520466956643,1.1226907313536454,2.9070885163122426,0.568774005522797,1.5260659960672207,0.7269947167029547,6.622140262933337,21.547837932580407,9.329689629348987,1.3410128415564617,6.365211500936979,10.269197222498631,3.840421925128728,6.380561429790441,9.724578511394656,0.283295203999585,10.93353333777991,1.7249771104584166,9.146127382563128,1.0760847220006746,2.680050570805672,1.2570149436222207,0.010376598907664358,9.467940963701831e-05,1.6060282970061632,0.1812764644546492,2.4181079229249627,0.47984042567476,1.099479578732309,0.38205204965984807,0.10629631128019132,0.003164213085006366,128.0,0,111.2011611276645,18.450029124441667,118.17925460173984,0,2.791165107812717,2.8931691206775803,0.1411078827627794,15.300000000000004,17.050423022928303,2.752061237914801,3.0342770034403594,14.674908323397517,19.785944299292687,2.555517987947585,1,1,1.7504230229282989
286,18.07086760115769,6.869535047205148,3,6,3.6629459901295824,0.0221351599692328,40.0,60,5.0,5,1.0,4,7.0,3,5.0,2,9.0,1,5.0,5,8.0,3,2.0,5,4.102350615857739,1.122248815248558,2.8968746988579936,0.572689265702377,1.5260659960672207,0.7269947167029547,6.622140262933337,21.547837932580407,4.456848868141343,0.9396522224266487,6.386720238931218,10.218393110759688,3.840421925128728,6.380561429790441,9.724578511394656,0.283295203999585,10.93353333777991,1.7249771104584166,9.146127382563128,1.0760847220006746,2.680050570805672,1.2570149436222207,0.010376598907664358,9.467940963701831e-05,1.6060282970061632,0.1812764644546492,2.4181079229249627,0.47984042567476,1.099479578732309,0.38205204965984807,0.10629631128019132,0.003164213085006366,128.0,0,103.36477807997818,18.090763909346453,118.17925460173984,0,2.760009940032921,2.709668228900992,0.1275066472074462,14.799999999999997,14.024290062680747,2.582161581693546,2.8371748761084383,12.225695705526212,16.067479617971923,1.9208919562228557,1,1,0.7757099373192506
287,17.79785754321663,6.841442230268545,4,6,2.520233517476582,0.0224746477286607,47.28395062743525,60,5.0,5,1.0,4,9.0,3,5.0,2,9.0,1,5.0,5,8.0,3,2.0,5,4.126989919243973,1.118401489413407,2.93938311921742,0.5563945231856233,1.7920777687212166,0.9647969006335627,6.622140262933337,21.547837932580407,2.3187942154445285,3.193483659922844,6.5769126706314855,9.76915440811753,3.3999586143540492,4.820104231840325,9.724578511394656,0.283295203999585,10.93353333777991,1.7249771104584166,9.146127382563128,1.0760847220006746,2.680050570805672,1.2570149436222207,0.010376598907664358,9.467940963701831e-05,1.6060282970061632,0.1812764644546492,2.4181079229249627,0.47984042567476,1.099479578732309,0.38205204965984807,0.10629631128019132,0.003164213085006366,134.0,0,101.2777342933729,18.097674450057394,123.53935574335118,0,2.785011242238338,2.7406177788824406,0.2194668307009755,15.199999999999996,14.496555584603517,2.5211509481814653,2.960084609583416,11.442909569432134,18.299604617930694,3.42834752424928,1,1,0.7034444153964792
288,17.83268458821027,6.851197487847895,3,6,5.375014030228206,0.0224307677659,40.00000000000001,60,5.0,5,1.0,4,7.0,3,5.0,2,9.0,1,5.0,5,8.0,3,2.0,5,4.123846759852279,1.11889228081859,2.924622029546943,0.5620528881263426,1.5260659960672207,0.7269947167029547,6.622140262933337,21.547837932580407,8.80073606273378,1.4953294820751168,6.552329643442409,9.827220058483903,3.840421925128736,6.380561429790454,9.724578511394656,0.283295203999585,10.93353333777991,1.7249771104584166,9.146127382563128,1.0760847220006746,2.680050570805672,1.2570149436222207,0.010376598907664358,9.467940963701831e-05,1.6060282970061632,0.1812764644546492,2.4181079229249627,0.47984042567476,1.099479578732309,0.38205204965984807,0.10629631128019132,0.003164213085006366,128.0,0,111.23045467466099,18.3596679921555,118.17925460173984,0,2.975529566236472,2.8235403213619543,0.07190905406556469,18.600000000000005,15.83635137862402,2.7516312672963896,2.895449375427519,14.66817002211176,17.09162954859803,1.2117297632431345,1,1,2.763648621375985
289,17.75291985941127,6.838132198918047,4,6,2.952940320525389,0.0225315449345278,50.0,60,5.0,5,1.0,4,9.0,3,5.0,2,9.0,1,5.0,5,9.0,3,2.0,5,4.131045569182679,1.1177682163641278,2.9443916665755356,0.5544745979356753,1.7920777687212166,0.9647969006335627,6.622140262933337,21.547837932580407,1.2625458991141365,0.07136610460025015,6.6087883941010155,9.693863248899381,4.483158146244543,5.415885347697113,9.724578511394656,0.283295203999585,10.93353333777991,1.7249771104584166,9.146127382563128,1.0760847220006746,2.680050570805672,1.2570149436222207,0.010376598907664358,9.467940963701831e-05,1.6060282970061632,0.1812764644546492,2.4181079229249627,0.47984042567476,1.099479578732309,0.38205204965984807,0.10629631128019132,0.003164213085006366,137.0,0,100.93955570910792,17.95506304519807,124.6388353220835,0,2.766319109226186,2.639653771144341,0.3229042810011524,14.900000000000004,13.008352672099795,2.3167494901431884,2.9625580521454933,9.142651875385697,18.347400166828976,4.602374145721639,1,1,1.891647327900209
290,17.550699232849322,6.218723478529467,4,6,37.22979379875501,0.0227911150140532,49.99999999999999,60,6.0,5,1.0,4,9.0,3,5.0,2,1.0,1,5.0,5,8.0,3,2.0,5,4.149296088619182,1.114918472853432,1.8387208815146434,0.5255886675015317,1.7920777687212166,0.9647969006335627,6.622140262933337,21.547837932580407,4.862841994442915,4.4188677513190635,6.754208260504335,9.350378329245077,4.483158146244543,5.415885347697118,9.724578511394656,0.283295203999585,10.93353333777991,1.7249771104584166,9.146127382563128,1.0760847220006746,2.680050570805672,1.2570149436222207,0.010376598907664358,9.467940963701831e-05,1.6060282970061632,0.1812764644546492,2.4181079229249627,0.47984042567476,1.099479578732309,0.38205204965984807,0.10629631128019132,0.003164213085006366,131.0,0,97.16031086625262,18.11994441198662,121.62466270508178,0,3.0007198150650303,2.675122477371129,0.3180039280567064,19.100000000000005,13.514127382900364,2.357118549314422,2.9931264054278355,9.560478072964747,18.94795048401796,4.693736205526606,0,1,5.585872617099641
291,17.549011326696217,6.211981291094302,4,6,47.33372688105297,0.0227933069365968,50.0,60,6.0,5,1.0,4,9.0,3,5.0,2,1.0,1,5.0,5,9.0,3,2.0,5,4.1494484230500355,1.1148946864588973,1.818914220213234,0.5215488728309375,1.7920777687212166,0.9647969006335627,6.622140262933337,21.547837932580407,4.861274393068181,4.400279245805066,6.755436249046156,9.347477793327558,4.483158146244543,5.415885347697113,9.724578511394656,0.283295203999585,10.93353333777991,1.7249771104584166,9.146127382563128,1.0760847220006746,2.680050570805672,1.2570149436222207,0.010376598907664358,9.467940963701831e-05,1.6060282970061632,0.1812764644546492,2.4181079229249627,0.47984042567476,1.099479578732309,0.38205204965984807,0.10629631128019132,0.003164213085006366,134.0,0,96.98127396920087,18.10679764130615,122.72414228381409,0,2.7013612129514133,2.7252023143059665,0.4006084857650385,13.899999999999997,14.259500829906102,2.324593828540928,3.125810800071005,9.222527143679464,21.77835630124753,6.277914578784033,0,1,0.3595008299061053
292,17.566242145613316,6.768374900619943,3,6,51.02560101211499,0.0227709523703453,40.49382717056229,60,6.0,5,1.0,4,7.0,3,5.0,2,1.0,1,5.0,5,8.0,3,2.0,5,4.147893332449735,1.1151375074570704,3.0499443623370697,0.5140131085450907,1.5260659960672207,0.7269947167029547,6.622140262933337,21.547837932580407,4.861274393068181,4.400279245805066,6.742912471098633,9.377059232015878,4.399788059250883,7.311217746794974,9.724578511394656,0.283295203999585,10.93353333777991,1.7249771104584166,9.146127382563128,1.0760847220006746,2.680050570805672,1.2570149436222207,0.010376598907664358,9.467940963701831e-05,1.6060282970061632,0.1812764644546492,2.4181079229249627,0.47984042567476,1.099479578732309,0.38205204965984807,0.10629631128019132,0.003164213085006366,125.0,0,107.38855726796969,18.24732235510296,116.26456156347044,0,3.3775875160230218,2.825710882269009,0.18485028297829098,28.300000000000004,15.872935394297723,2.640860599290718,3.0105611652473,13.025268551615548,19.29878770395104,3.136759576167745,1,2,12.42706460570228
293,20.52163850849784,6.1238658869788445,4,6,3.812082909153375,0.0194916488225345,49.99999999999999,60,4.0,5,1.0,4,9.0,3,5.0,2,9.0,1,5.0,5,8.0,3,2.0,5,3.926501934763336,1.1228966101547277,1.5600558034850263,0.4687517438033085,1.7920777687212166,0.9647969006335627,6.622140262933337,21.547837932580407,5.127813233108798,1.1220360004547136,5.328679304662289,13.117584613608194,4.483158146244543,5.415885347697118,9.724578511394656,0.283295203999585,10.93353333777991,1.7249771104584166,9.146127382563128,1.0760847220006746,2.680050570805672,1.2570149436222207,0.010376598907664358,9.467940963701831e-05,1.6060282970061632,0.1812764644546492,2.4181079229249627,0.47984042567476,1.099479578732309,0.38205204965984807,0.10629631128019132,0.003164213085006366,129.0,0,89.15414570158607,18.059563075697262,112.60582240557127,0,2.2925347571405443,1.9887645658868887,0.2736153134580469,8.9,6.30650148288588,1.7151492524288416,2.2623798793449357,4.557504921572054,8.605922922747954,2.02420900058795,0,0,2.5934985171141207
294,17.562433211435447,6.806536335022699,3,6,2.4668501768459645,0.0227759054597068,39.99999999999999,60,6.0,5,1.0,4,7.0,3,5.0,2,9.0,1,5.0,5,7.0,3,2.0,5,4.148237090791441,1.1150838310065492,2.992200694310762,0.5361479748728849,1.5260659960672207,0.7269947167029547,6.622140262933337,21.547837932580407,2.5068578648257254,3.648883133375241,6.745687357921296,9.370504888370085,3.84042192512872,6.380561429790427,9.724578511394656,0.283295203999585,10.93353333777991,1.7249771104584166,9.146127382563128,1.0760847220006746,2.680050570805672,1.2570149436222207,0.010376598907664358,9.467940963701831e-05,1.6060282970061632,0.1812764644546492,2.4181079229249627,0.47984042567476,1.099479578732309,0.38205204965984807,0.10629631128019132,0.003164213085006366,130.0,0,102.47462358496678,18.067934342915407,128.01330836078745,0,2.8622008809294686,2.629375458066042,0.20916056001757632,16.500000000000004,12.865107856230944,2.4202148980484655,2.8385360180836186,10.248276287794011,16.090726698589926,2.921225205397957,1,1,3.6348921437690596
295,17.77768219848599,6.8474186260611445,4,6,68.56322815062654,0.0225001253462752,50.0,60,5.0,5,1.0,4,9.0,3,5.0,2,1.0,1,5.0,5,9.0,3,2.0,5,4.128810754869916,1.1181171734229975,2.930339983914918,0.5598610260585242,1.7920777687212166,0.9647969006335627,6.622140262933337,21.547837932580407,4.861274393068181,4.400279245805066,6.591186086722235,9.735440285691327,4.483158146244543,5.415885347697113,9.724578511394656,0.283295203999585,10.93353333777991,1.7249771104584166,9.146127382563128,1.0760847220006746,2.680050570805672,1.2570149436222207,0.010376598907664358,9.467940963701831e-05,1.6060282970061632,0.1812764644546492,2.4181079229249627,0.47984042567476,1.099479578732309,0.38205204965984807,0.10629631128019132,0.003164213085006366,129.0,0,106.52369832836042,18.38608664615645,111.79060894603418,0,2.8390784635086144,2.9976658529847926,0.274948350375525,16.100000000000005,19.038709000018937,2.7227175026092674,3.272614203360318,14.221630913049324,25.380212520012954,5.579290803481815,1,1,2.9387090000189318
296,25.961388995062578,6.494275677219931,4,6,2.64152749751637,0.01540759969385,50.0,90,2.0,5,1.0,4,9.0,3,5.0,2,9.0,1,5.0,5,9.0,3,3.0,5,3.68621904503562,1.0860525036928623,2.3942268919692578,0.6692957927911537,1.7920777687212166,0.9647969006335627,6.622140262933337,21.547837932580407,1.8914888376846086,2.1587560840434143,4.713010868295982,16.153741246665376,4.483158146244543,5.415885347697113,8.90687197921755,4.901246850353492,10.93353333777991,1.7249771104584166,9.146127382563128,1.0760847220006746,2.680050570805672,1.2570149436222207,0.010376598907664358,9.467940963701831e-05,1.6060282970061632,0.1812764644546492,2.4181079229249627,0.47984042567476,1.099479578732309,0.38205204965984807,0.10629631128019132,0.003164213085006366,127.0,0,87.38313928108316,18.768591462540623,91.94453162002397,0,2.303584593327129,1.856825462975979,0.2956605398886296,9.009999999999998,5.403376715190356,1.5611649230873494,2.1524860028646087,3.7643681360982737,7.606226929857097,1.9209293968794114,0,0,3.6066232848096424
297,25.749261045258866,6.502590952685864,4,4,0.5330814739992866,0.0072530376128223,49.99999999999999,90,2.0,5,1.0,4,9.0,3,4.0,2,10.0,1,3.0,5,8.0,3,3.0,5,3.687163806231721,1.0853356648517647,2.428934051080623,0.6602356715560194,1.7920777687212166,0.9647969006335627,6.344978097835935,23.819939929212172,6.098650131142254,12.346472019973112,1.8674683246976933,1.0959753047211143,4.483158146244543,5.415885347697118,8.90687197921755,4.901246850353492,10.93353333777991,1.7249771104584166,9.146127382563128,1.0760847220006746,2.680050570805672,1.2570149436222207,0.010376598907664358,9.467940963701831e-05,1.6060282970061632,0.1812764644546492,2.4181079229249627,0.47984042567476,1.099479578732309,0.38205204965984807,0.10629631128019132,0.003164213085006366,113.0,0,87.58402007448376,16.939545725451662,87.60448789354021,0,2.5572273113676265,1.6919032412119193,0.3418420207107621,11.9,4.4298051059524495,1.350061220501157,2.0337452619226815,2.857661691450006,6.64265657457002,1.8924974415600069,0,1,7.470194894047551
298,18.36564304919785,6.855798832647403,3,6,2.975378482957611,0.0217799205451426,42.2839506128243,60,5.0,5,1.0,4,7.0,3,5.0,2,9.0,1,5.0,5,8.0,3,2.0,5,4.075746974402734,1.1264028643900659,2.9176595416128377,0.5647218169456909,1.5260659960672207,0.7269947167029547,6.622140262933337,21.547837932580407,1.3634947956443826,0.09880637132416699,6.187703196262654,10.688475738406007,4.840132791499688,8.403365458850942,9.724578511394656,0.283295203999585,10.93353333777991,1.7249771104584166,9.146127382563128,1.0760847220006746,2.680050570805672,1.2570149436222207,0.010376598907664358,9.467940963701831e-05,1.6060282970061632,0.1812764644546492,2.4181079229249627,0.47984042567476,1.099479578732309,0.38205204965984807,0.10629631128019132,0.003164213085006366,128.0,0,98.91390992013422,18.13109524402737,118.17925460173984,0,2.833213344056216,2.709788681455951,0.139452999184994,16.0,14.026099885801958,2.570335682270957,2.8492416806409446,12.070211142782645,16.27467715032095,2.102233003769153,0,1,1.9739001141980417
299,26.281200621127603,6.504999496241843,4,6,1.6813878217192126,0.0152200416970718,50.0,90,2.0,5,1.0,4,9.0,3,5.0,2,10.0,1,5.0,5,9.0,3,3.0,5,3.684794689524487,1.0871332353720686,2.4389870799630082,0.65761138127163,1.7920777687212166,0.9647969006335627,6.622140262933337,21.547837932580407,5.273955525101501,10.349459356517158,4.684736590743003,16.293175283342716,4.483158146244543,5.415885347697113,8.90687197921755,4.901246850353492,10.93353333777991,1.7249771104584166,9.146127382563128,1.0760847220006746,2.680050570805672,1.2570149436222207,0.010376598907664358,9.467940963701831e-05,1.6060282970061632,0.1812764644546492,2.4181079229249627,0.47984042567476,1.099479578732309,0.38205204965984807,0.10629631128019132,0.003164213085006366,128.0,0,93.14091538278205,19.43796193703203,93.55055991703013,0,1.095273387402595,2.268721163717326,0.21714409666077983,1.99,8.667030356698033,2.051577067056546,2.485865260378106,6.780161272250882,11.011508842449073,2.1156737850990956,0,0,6.677030356698033
300,19.26101479199427,6.890366842674419,3,6,1.7568605611348098,0.0207674489322946,40.0,60,4.0,5,1.0,4,7.0,3,5.0,2,10.0,1,5.0,5,8.0,3,2.0,5,3.9992514100484846,1.135797154683835,2.839054919837258,0.5673564701562228,1.5260659960672207,0.7269947167029547,6.622140262933337,21.547837932580407,5.008073348459437,9.705620934570216,5.620482633142621,12.028263171638763,3.840421925128728,6.380561429790441,9.724578511394656,0.283295203999585,10.93353333777991,1.7249771104584166,9.146127382563128,1.0760847220006746,2.680050570805672,1.2570149436222207,0.010376598907664358,9.467940963701831e-05,1.6060282970061632,0.1812764644546492,2.4181079229249627,0.47984042567476,1.099479578732309,0.38205204965984807,0.10629631128019132,0.003164213085006366,124.0,0,100.74114930000167,18.87791444637595,108.85174956096608,0,2.424802725718295,2.7088205785800765,0.14395668658723593,10.3,14.011560114422167,2.5648638919928404,2.8527772651673127,11.998888996383846,16.335861328733525,2.16848616617484,1,1,3.7115601144221664
301,19.80051944106393,6.844385761275698,3,6,3.119078725373368,0.0202016526977035,40.0,60,4.0,5,1.0,4,7.0,3,5.0,2,9.0,1,5.0,5,8.0,3,2.0,5,3.9681170758138604,1.130276154517118,2.9349291389108014,0.5581018663815684,1.5260659960672207,0.7269947167029547,6.622140262933337,21.547837932580407,2.0099996485626317,0.2745414829711589,5.435712046401153,12.589754779253331,3.840421925128728,6.380561429790441,9.724578511394656,0.283295203999585,10.93353333777991,1.7249771104584166,9.146127382563128,1.0760847220006746,2.680050570805672,1.2570149436222207,0.010376598907664358,9.467940963701831e-05,1.6060282970061632,0.1812764644546492,2.4181079229249627,0.47984042567476,1.099479578732309,0.38205204965984807,0.10629631128019132,0.003164213085006366,123.0,0,96.01583242078095,18.145859318811045,107.24572126395992,0,2.760009940032921,2.695144037151362,0.21806235124606532,14.799999999999997,13.807651451623595,2.4770816859052966,2.9132063883974273,10.906466857391768,17.415752056341162,3.254642599474697,0,1,0.9923485483764019
302,20.259150436792037,6.839662641651593,3,6,5.485474144415498,0.0197442679757418,40.0,60,4.0,5,1.0,4,7.0,3,5.0,2,9.0,1,5.0,5,8.0,3,2.0,5,3.9416498883003133,1.1255827717849343,2.942075889442883,0.5553623042250105,1.5260659960672207,0.7269947167029547,6.622140262933337,21.547837932580407,8.938594434316697,1.4659695529168626,5.366761520167228,12.929782926243409,3.840421925128728,6.380561429790441,9.724578511394656,0.283295203999585,10.93353333777991,1.7249771104584166,9.146127382563128,1.0760847220006746,2.680050570805672,1.2570149436222207,0.010376598907664358,9.467940963701831e-05,1.6060282970061632,0.1812764644546492,2.4181079229249627,0.47984042567476,1.099479578732309,0.38205204965984807,0.10629631128019132,0.003164213085006366,123.0,0,106.75260710511641,18.617768514861005,107.24572126395992,0,3.0106208860477417,2.6725393545063887,0.3425658391971418,19.3,13.476683989858351,2.3299735153092467,3.0151051937035307,9.277669328545006,19.391235857350765,5.056783264402879,1,1,5.8233160101416495
303,18.653759772050112,6.797681015274141,3,6,2.562816681306757,0.0214436639875375,39.99999999999999,60,5.0,5,1.0,4,7.0,3,5.0,2,9.0,1,5.0,5,7.0,3,2.0,5,4.049744286448517,1.1304630771152975,3.0056000502791687,0.5310116029835188,1.5260659960672207,0.7269947167029547,6.622140262933337,21.547837932580407,2.1687784034421798,2.8302177017209615,5.999320992221342,11.133438643542835,3.84042192512872,6.380561429790427,9.724578511394656,0.283295203999585,10.93353333777991,1.7249771104584166,9.146127382563128,1.0760847220006746,2.680050570805672,1.2570149436222207,0.010376598907664358,9.467940963701831e-05,1.6060282970061632,0.1812764644546492,2.4181079229249627,0.47984042567476,1.099479578732309,0.38205204965984807,0.10629631128019132,0.003164213085006366,125.0,0,99.172541837761,18.163105760868742,117.07977502300753,0,2.70805020110221,2.75711443908937,0.08980256359157002,14.0,14.754317254225361,2.6673118754978,2.84691700268094,13.401204882793081,16.23456573021447,1.4166804237106945,0,1,0.7543172542253611
304,18.665342009263377,6.812565764078165,3,6,2.2814255066768827,0.0214303532289122,40.0,60,5.0,5,1.0,4,7.0,3,5.0,2,9.0,1,5.0,5,8.0,3,2.0,5,4.048698983360634,1.1306262968911385,2.9830773121524152,0.539645238753669,1.5260659960672207,0.7269947167029547,6.622140262933337,21.547837932580407,3.1600886245601947,5.230693041907884,5.9918638587005715,11.151052556769308,3.840421925128728,6.380561429790441,9.724578511394656,0.283295203999585,10.93353333777991,1.7249771104584166,9.146127382563128,1.0760847220006746,2.680050570805672,1.2570149436222207,0.010376598907664358,9.467940963701831e-05,1.6060282970061632,0.1812764644546492,2.4181079229249627,0.47984042567476,1.099479578732309,0.38205204965984807,0.10629631128019132,0.003164213085006366,128.0,0,100.52915726226823,18.37633516562359,118.17925460173984,0,2.1016921506146558,2.7550105281944015,0.09412773294782184,7.180000000000001,14.721206417849702,2.6608827952465797,2.8491382611422233,13.308915367122525,16.272890704247764,1.4819876685626197,1,0,7.541206417849701
305,18.91182155999968,6.822106358513895,3,6,4.850762622037396,0.0211509790944296,40.0,60,5.0,5,1.0,4,7.0,3,5.0,2,9.0,1,5.0,5,8.0,3,2.0,5,4.026454072404257,1.1340997482010857,2.9686410382939408,0.5451790921275693,1.5260659960672207,0.7269947167029547,6.622140262933337,21.547837932580407,8.146450613501912,1.6346737541577905,5.835349096339344,11.520743864456628,3.840421925128728,6.380561429790441,9.724578511394656,0.283295203999585,10.93353333777991,1.7249771104584166,9.146127382563128,1.0760847220006746,2.680050570805672,1.2570149436222207,0.010376598907664358,9.467940963701831e-05,1.6060282970061632,0.1812764644546492,2.4181079229249627,0.47984042567476,1.099479578732309,0.38205204965984807,0.10629631128019132,0.003164213085006366,128.0,0,107.7836746535275,18.449491303073682,118.17925460173984,0,2.714694743820879,2.7633587333556493,0.1607087020250022,14.100000000000003,14.852999627368241,2.602650031330647,2.9240674353806515,12.499464680078443,17.61685653033445,2.558695925128003,1,1,0.7529996273682382
306,23.31669141092482,6.489085645372315,3,6,24.930060539543856,0.0171557017690403,40.0,60,2.0,5,1.0,4,7.0,3,5.0,2,1.0,1,5.0,5,8.0,3,2.0,5,3.7652019136834785,1.094293543310183,2.3777458729576386,0.6717316904587468,1.5260659960672207,0.7269947167029547,6.622140262933337,21.547837932580407,4.733762517787429,4.432586725632379,4.976536413001606,14.854170270995052,3.840421925128728,6.380561429790441,9.724578511394656,0.283295203999585,10.93353333777991,1.7249771104584166,9.146127382563128,1.0760847220006746,2.680050570805672,1.2570149436222207,0.010376598907664358,9.467940963701831e-05,1.6060282970061632,0.1812764644546492,2.4181079229249627,0.47984042567476,1.099479578732309,0.38205204965984807,0.10629631128019132,0.003164213085006366,105.0,0,91.96528761021943,18.803857651587535,72.5304282123508,0,2.6461747973841225,2.3311466856314933,0.34047406199504004,13.1,9.289733860674913,1.9906726236364531,2.6716207476265335,6.320456018458704,13.463391714470298,3.571467848005797,0,1,3.810266139325087
307,19.23591662625939,6.788333284742787,3,6,5.297208795648631,0.0207944695896,40.0,60,4.0,5,1.0,4,7.0,3,5.0,2,9.0,1,5.0,5,8.0,3,2.0,5,4.000699802906661,1.1360539958017857,3.019744493669454,0.5255896169125547,1.5260659960672207,0.7269947167029547,6.622140262933337,21.547837932580407,8.703632207476305,1.5160098533766022,5.635620511832898,11.99250716955824,3.840421925128728,6.380561429790441,9.724578511394656,0.283295203999585,10.93353333777991,1.7249771104584166,9.146127382563128,1.0760847220006746,2.680050570805672,1.2570149436222207,0.010376598907664358,9.467940963701831e-05,1.6060282970061632,0.1812764644546492,2.4181079229249627,0.47984042567476,1.099479578732309,0.38205204965984807,0.10629631128019132,0.003164213085006366,123.0,0,108.3813723358032,18.493414162197176,107.24572126395992,0,2.9014215940827497,2.7783395064144094,0.12267648639902884,17.2,15.0922776268388,2.6556630200153806,2.9010159928134382,13.234420637117701,17.192619553758895,1.9790994583205972,1,1,2.1077223731611987
308,30.014871738853493,6.290573567462574,4,6,3.395930338154108,0.0133269788243881,50.0,60,2.0,5,1.0,4,9.0,3,5.0,2,9.0,1,5.0,5,9.0,3,2.0,5,3.668165916209634,1.0997503397166248,2.049796350664562,0.5686399189158389,1.7920777687212166,0.9647969006335627,6.622140262933337,21.547837932580407,3.2555501653331325,0.613111190744583,4.101513032678713,14.862935176785959,4.483158146244543,5.415885347697113,9.724578511394656,0.283295203999585,10.93353333777991,1.7249771104584166,9.146127382563128,1.0760847220006746,2.680050570805672,1.2570149436222207,0.010376598907664358,9.467940963701831e-05,1.6060282970061632,0.1812764644546492,2.4181079229249627,0.47984042567476,1.099479578732309,0.38205204965984807,0.10629631128019132,0.003164213085006366,122.0,0,84.83452170797298,18.18651473742349,91.83823530874378,0,1.715598108262491,2.030528636719314,0.2904366058002327,4.56,6.618112508504783,1.7400920309190813,2.320965242519547,4.697867778551608,9.185501041407045,2.243816631427719,0,0,2.0581125085047836
309,31.74068173967224,6.243896273594976,4,4,3.728677875721144,0.0090246090791445,50.0,60,2.0,5,1.0,4,9.0,3,4.0,2,9.0,1,3.0,5,9.0,3,2.0,5,3.652458836316713,1.044744407033319,1.912671514104867,0.5406717431839434,1.7920777687212166,0.9647969006335627,6.344978097835935,23.819939929212172,4.7525754606091635,1.0200376139820753,1.945654877736021,3.701527792747018,4.483158146244543,5.415885347697113,9.724578511394656,0.283295203999585,10.93353333777991,1.7249771104584166,9.146127382563128,1.0760847220006746,2.680050570805672,1.2570149436222207,0.010376598907664358,9.467940963701831e-05,1.6060282970061632,0.1812764644546492,2.4181079229249627,0.47984042567476,1.099479578732309,0.38205204965984807,0.10629631128019132,0.003164213085006366,110.0,0,80.59691790359484,15.898263429253147,86.99164286398617,0,1.9837562915454279,1.93254217643655,0.38708407692773783,6.269999999999999,5.907046873338384,1.5454580995088123,2.3196262533642877,3.690119676494317,9.17187189264921,2.7408761080774466,0,0,0.3629531266616146
310,22.537071756770946,3.559682453149527,4,6,6.857531632090669,0.0177489586804907,50.0,60,3.0,5,1.0,4,9.0,3,5.0,2,5.0,1,5.0,5,9.0,3,2.0,5,3.8101930716469283,1.1022717511865783,9.628628650157669,0.01873049278386303,1.7920777687212166,0.9647969006335627,6.622140262933337,21.547837932580407,9.515851564840322,0.6590116932235506,5.065969606268265,14.413132259440246,4.483158146244543,5.415885347697113,9.724578511394656,0.283295203999585,10.93353333777991,1.7249771104584166,9.146127382563128,1.0760847220006746,2.680050570805672,1.2570149436222207,0.010376598907664358,9.467940963701831e-05,1.6060282970061632,0.1812764644546492,2.4181079229249627,0.47984042567476,1.099479578732309,0.38205204965984807,0.10629631128019132,0.003164213085006366,123.0,0,168.09072724637423,19.95869418750808,96.34765545849902,0,3.4339872044851463,3.5005123190433967,0.39069590388383735,30.0,32.132421982023324,3.1098164151595595,3.891208222927234,21.416928614697046,47.97001749272412,13.276544439013536,3,2,2.132421982023324
311,17.831221774045755,4.408892444894928,4,6,4.41318268263384,0.0224342007635863,50.0,60,5.0,5,1.0,4,9.0,3,5.0,2,9.0,1,5.0,5,9.0,3,2.0,5,4.123978779611071,1.1188716664765046,9.896692358116216,0.012692908172153461,1.7920777687212166,0.9647969006335627,6.622140262933337,21.547837932580407,7.600334412850133,1.7509810395203438,6.554252923913785,9.822677227751608,4.483158146244543,5.415885347697113,9.724578511394656,0.283295203999585,10.93353333777991,1.7249771104584166,9.146127382563128,1.0760847220006746,2.680050570805672,1.2570149436222207,0.010376598907664358,9.467940963701831e-05,1.6060282970061632,0.1812764644546492,2.4181079229249627,0.47984042567476,1.099479578732309,0.38205204965984807,0.10629631128019132,0.003164213085006366,137.0,0,174.49571349740893,19.699890984939685,124.6388353220835,0,3.7376696182833684,3.6546670441517826,0.3246743479969403,41.00000000000001,37.65464868096507,3.329992696154842,3.979341392148723,26.938137646659936,52.48179909291366,12.771830723126863,4,2,3.3453513190349398
312,33.512954168570126,6.360467726526489,3,6,12.100838930246184,0.0119358338015733,40.0,60,2.0,5,1.0,4,7.0,3,5.0,2,3.0,1,5.0,5,8.0,3,2.0,5,3.6362622366600563,0.9877520399170282,2.1732122544167054,0.6054312118551435,1.5260659960672207,0.7269947167029547,6.622140262933337,21.547837932580407,6.330048364305809,3.347175002119662,3.404429443928855,11.253962157421496,3.840421925128728,6.380561429790441,9.724578511394656,0.283295203999585,10.93353333777991,1.7249771104584166,9.146127382563128,1.0760847220006746,2.680050570805672,1.2570149436222207,0.010376598907664358,9.467940963701831e-05,1.6060282970061632,0.1812764644546492,2.4181079229249627,0.47984042567476,1.099479578732309,0.38205204965984807,0.10629631128019132,0.003164213085006366,107.0,0,87.4469867457479,17.483797496775882,75.74248480636314,0,2.2669579153508947,2.657468694584132,0.24471577396993283,8.650000000000002,13.260146587820659,2.4127529206141993,2.902184468554065,10.164654284723511,17.2138896127198,3.5246176639981446,0,0,4.6101465878206564
313,33.821521762810384,6.943099274951225,3,6,1.3639108099977757,0.011826920030701,40.0,60,2.0,5,1.0,4,7.0,3,5.0,2,10.0,1,5.0,5,8.0,3,2.0,5,3.633442271902135,0.9778291875810204,2.6749512989762634,0.5421078637595605,1.5260659960672207,0.7269947167029547,6.622140262933337,21.547837932580407,6.098650131142254,12.346472019973112,3.3498542551319854,10.971412995350631,3.840421925128728,6.380561429790441,9.724578511394656,0.283295203999585,10.93353333777991,1.7249771104584166,9.146127382563128,1.0760847220006746,2.680050570805672,1.2570149436222207,0.010376598907664358,9.467940963701831e-05,1.6060282970061632,0.1812764644546492,2.4181079229249627,0.47984042567476,1.099479578732309,0.38205204965984807,0.10629631128019132,0.003164213085006366,114.0,0,91.5015229746403,17.9622902496967,86.98468288540627,0,1.916922612182061,2.3772337807221087,0.4123699348271034,5.800000000000001,9.7750554346331,1.9648638458950054,2.789603715549212,6.133941208650803,15.274569165025948,4.570313978187572,0,0,3.9750554346330986
314,15.000890405479074,6.764445799448198,4,6,3.6312071421263674,0.0266669852340584,50.0,60,7.0,5,1.0,4,9.0,3,5.0,2,9.0,1,5.0,5,9.0,3,2.0,5,4.379417695670137,1.0789859308430005,3.055889650224011,0.5117341027743151,1.7920777687212166,0.9647969006335627,6.622140262933337,21.547837932580407,4.314056351474974,0.9008378829124916,8.925600782401707,4.221501482024632,4.483158146244543,5.415885347697113,9.724578511394656,0.283295203999585,10.93353333777991,1.7249771104584166,9.146127382563128,1.0760847220006746,2.680050570805672,1.2570149436222207,0.010376598907664358,9.467940963701831e-05,1.6060282970061632,0.1812764644546492,2.4181079229249627,0.47984042567476,1.099479578732309,0.38205204965984807,0.10629631128019132,0.003164213085006366,147.0,0,115.17802992276394,17.579379428352784,146.5059019976433,0,3.475376779836407,3.145770106148512,0.528436427809172,31.31,22.23756397527138,2.6173336783393397,3.674206533957684,12.699148509884312,38.417368102493135,12.859109796304413,1,2,9.072436024728617
315,15.965856648809336,2.654331927073808,4,6,3.0970817694659982,0.0250570182308548,50.0,60,7.0,5,1.0,4,9.0,3,5.0,2,9.0,1,5.0,5,9.0,3,2.0,5,4.292328977378223,1.0925844758417147,9.562266701546033,0.026624140516681098,1.7920777687212166,0.9647969006335627,6.622140262933337,21.547837932580407,1.9110357323960998,0.2476407802493678,8.02364325729832,6.351944974404709,4.483158146244543,5.415885347697113,9.724578511394656,0.283295203999585,10.93353333777991,1.7249771104584166,9.146127382563128,1.0760847220006746,2.680050570805672,1.2570149436222207,0.010376598907664358,9.467940963701831e-05,1.6060282970061632,0.1812764644546492,2.4181079229249627,0.47984042567476,1.099479578732309,0.38205204965984807,0.10629631128019132,0.003164213085006366,147.0,0,167.6936460782272,18.91685158582438,146.5059019976433,0,3.475376779836407,3.7820721117173015,0.4414830322230556,31.31,42.906927599372366,3.340589079494246,4.223555143940358,27.235754911483056,67.27578356803603,20.02001432827649,3,2,11.596927599372368
316,36.90769756515415,4.173482940692737,4,6,5.866983501361121,0.010837895367715,50.0,60,2.0,5,1.0,4,9.0,3,5.0,2,9.0,1,5.0,5,9.0,3,2.0,5,3.4616411472708664,0.8906123111443947,9.764610351631468,0.01633417415212607,1.7920777687212166,0.9647969006335627,6.622140262933337,21.547837932580407,9.332053699254885,1.3323521108528038,2.854267633946062,8.405639286883936,4.483158146244543,5.415885347697113,9.724578511394656,0.283295203999585,10.93353333777991,1.7249771104584166,9.146127382563128,1.0760847220006746,2.680050570805672,1.2570149436222207,0.010376598907664358,9.467940963701831e-05,1.6060282970061632,0.1812764644546492,2.4181079229249627,0.47984042567476,1.099479578732309,0.38205204965984807,0.10629631128019132,0.003164213085006366,122.0,0,159.88021048915763,18.135281932960492,91.83823530874378,0,3.4339872044851463,3.559095594135478,0.35450075370542744,30.0,34.131409719926815,3.20459484043005,3.9135963478409055,23.6455126280523,49.07872903826495,12.716608205106327,2,2,4.131409719926815
317,36.98400891951047,4.285106551595566,4,6,7.154657800540432,0.010815600379746,50.0,60,2.0,5,1.0,4,9.0,3,5.0,2,5.0,1,5.0,5,9.0,3,2.0,5,3.453274643916182,0.888800672908042,9.82211616721479,0.01540109695667487,1.7920777687212166,0.9647969006335627,6.622140262933337,21.547837932580407,9.570983823310613,0.45703558308219694,2.84309592289532,8.347800593773158,4.483158146244543,5.415885347697113,9.724578511394656,0.283295203999585,10.93353333777991,1.7249771104584166,9.146127382563128,1.0760847220006746,2.680050570805672,1.2570149436222207,0.010376598907664358,9.467940963701831e-05,1.6060282970061632,0.1812764644546492,2.4181079229249627,0.47984042567476,1.099479578732309,0.38205204965984807,0.10629631128019132,0.003164213085006366,118.0,0,160.67140469760807,18.107963794225057,85.41412212071911,0,3.5263605246161616,3.606105434038848,0.2903494501455932,33.00000000000001,35.82236606419153,3.3157559838932547,3.896454884184441,26.543208337791178,48.227621776543515,10.842206719376168,2,2,2.8223660641915203
318,41.49415008970576,5.078908817757338,2,6,5.455926997743399,0.0096399655644014,0.050000000745058,60,2.0,5,1.0,4,3.0,3,5.0,2,9.0,1,3.0,5,2.0,3,2.0,5,2.8814704965183204,0.7274761797418067,8.825038672972891,0.14626973543440633,1.9567948333695546,1.120898093680396,6.622140262933337,21.547837932580407,8.901718485426851,1.473823085746373,2.2540015274874934,5.297914162364753,5.162023171261571,11.417202873834851,9.724578511394656,0.283295203999585,10.93353333777991,1.7249771104584166,9.146127382563128,1.0760847220006746,2.680050570805672,1.2570149436222207,0.010376598907664358,9.467940963701831e-05,1.6060282970061632,0.1812764644546492,2.4181079229249627,0.47984042567476,1.099479578732309,0.38205204965984807,0.10629631128019132,0.003164213085006366,73.0,0,143.98866261585042,16.91348868982738,63.22535898693364,0,3.4339872044851463,3.7729699980620426,0.4162910990953941,30.0,42.50909505925535,3.3566788989666483,4.189261097157437,27.693737660291422,64.97402455153318,18.64014344562088,2,2,12.509095059255351
319,165.77072182233422,6.892317243559557,3,6,2.4394357032086624,0.0024129912413426,40.0,60,1.0,5,1.0,4,7.0,3,5.0,2,9.0,1,3.0,5,8.0,3,2.0,5,9.732801268292368,0.02595255807627882,2.8329852614968,0.5664226064571991,1.5260659960672207,0.7269947167029547,6.622140262933337,21.547837932580407,2.603436046280684,3.8827489183171746,6.235759642571592,5.242764344407951,3.840421925128728,6.380561429790441,9.724578511394656,0.283295203999585,10.93353333777991,1.7249771104584166,9.146127382563128,1.0760847220006746,2.680050570805672,1.2570149436222207,0.010376598907664358,9.467940963701831e-05,1.6060282970061632,0.1812764644546492,2.4181079229249627,0.47984042567476,1.099479578732309,0.38205204965984807,0.10629631128019132,0.003164213085006366,98.0,0,160.9994846105421,17.461028631880268,69.60890540477028,0,3.8372994592322094,4.326957428768106,0.4273106490807552,45.39999999999999,74.71357182864313,3.8996467796873504,4.754268077848861,48.38500223848678,115.07866152091842,33.34682964121582,2,2,29.313571828643134
320,269.83367126619794,6.804679405380071,3,6,26.04628696425263,0.0014824097752974,40.0,60,1.0,5,1.0,4,7.0,3,5.0,2,1.0,1,3.0,5,8.0,3,2.0,5,9.299522786688517,0.13059317756421315,2.9950104924881695,0.5350708956156985,1.5260659960672207,0.7269947167029547,6.622140262933337,21.547837932580407,4.715711186783022,4.5557465556144745,7.0756381533753725,6.04005526431957,3.840421925128728,6.380561429790441,9.724578511394656,0.283295203999585,10.93353333777991,1.7249771104584166,9.146127382563128,1.0760847220006746,2.680050570805672,1.2570149436222207,0.010376598907664358,9.467940963701831e-05,1.6060282970061632,0.1812764644546492,2.4181079229249627,0.47984042567476,1.099479578732309,0.38205204965984807,0.10629631128019132,0.003164213085006366,90.0,0,163.16741381719848,17.780053278503935,56.760679028720965,0,2.1610215286722587,3.928268133414469,0.18700199561530106,7.68,49.81888987577604,3.741266137799168,4.11527012902977,41.15132577960744,60.26876249894088,9.55871835966672,2,0,42.13888987577604
321,16.75337074664283,2.279988553439114,4,6,5.237275885141489,0.0238771260704144,50.0,60,6.0,5,1.0,4,9.0,3,5.0,2,9.0,1,5.0,5,9.0,3,2.0,5,4.221255409892134,1.1036823209430644,9.562266701546033,0.026624140516681098,1.7920777687212166,0.9647969006335627,6.622140262933337,21.547837932580407,8.628833683977316,1.531939820674609,7.362628086923964,7.913277330855895,4.483158146244543,5.415885347697113,9.724578511394656,0.283295203999585,10.93353333777991,1.7249771104584166,9.146127382563128,1.0760847220006746,2.680050570805672,1.2570149436222207,0.010376598907664358,9.467940963701831e-05,1.6060282970061632,0.1812764644546492,2.4181079229249627,0.47984042567476,1.099479578732309,0.38205204965984807,0.10629631128019132,0.003164213085006366,142.0,0,176.10712844183678,19.455777304575484,135.5723686598634,0,4.0328237055738505,3.5613480456726285,0.3486143666444028,55.420000000000016,34.21063070497328,3.2127336790282257,3.9099624123170313,23.846916964432346,48.89707642266964,12.525079729118648,4,3,21.209369295026733
322,14.379989889406984,4.982191753235292,1,6,33.886150697474406,0.0278175340557692,49.99999999999999,60,7.0,5,1.0,4,5.0,3,5.0,2,1.0,1,5.0,5,8.0,3,2.0,5,4.435454298510138,1.0702360458953242,8.853604009671567,0.12238501507744116,2.3873388306664673,0.6926300514182241,6.622140262933337,21.547837932580407,4.852415334213147,4.402813211131038,8.885753020327561,4.185368779895771,4.483158146244543,5.415885347697118,9.724578511394656,0.283295203999585,10.93353333777991,1.7249771104584166,9.146127382563128,1.0760847220006746,2.680050570805672,1.2570149436222207,0.010376598907664358,9.467940963701831e-05,1.6060282970061632,0.1812764644546492,2.4181079229249627,0.47984042567476,1.099479578732309,0.38205204965984807,0.10629631128019132,0.003164213085006366,124.0,0,171.18093536716117,19.00316139366018,121.837993759639,0,2.598979106047848,3.378830796210881,0.3129664140217798,12.450000000000001,28.336450764065376,3.065864382189101,3.691797210232661,20.452997564113517,39.11688067648345,9.331941556184965,3,1,15.886450764065374
323,16.812137003556842,5.400776840942887,2,6,18.95909316115257,0.0520754599390946,0.050000000745058,60,6.0,5,1.0,4,3.0,3,5.0,2,1.0,1,5.0,5,2.0,3,2.0,5,4.215951723852514,1.10451046969394,8.412929920821318,0.7002872300021187,1.9567948333695546,1.120898093680396,6.622140262933337,21.547837932580407,4.840406223889207,3.4599140264743804,5.437307477848855,8.395182840922141,5.162023171261571,11.417202873834851,9.724578511394656,0.283295203999585,10.93353333777991,1.7249771104584166,9.146127382563128,1.0760847220006746,2.680050570805672,1.2570149436222207,0.010376598907664358,9.467940963701831e-05,1.6060282970061632,0.1812764644546492,2.4181079229249627,0.47984042567476,1.099479578732309,0.38205204965984807,0.10629631128019132,0.003164213085006366,95.0,0,155.9850533855583,20.274119113566556,98.94748180785389,0,2.8622008809294686,3.2043706549267146,0.4010595968359971,16.500000000000004,23.63998808068367,2.8033110580907175,3.6054302517627117,15.499186193608788,35.79751264649732,10.149163226444266,2,1,7.139988080683665
